{"1972":{"demCandidate":"George McGovern","repCandidate":"Richard M. Nixon","Alabama":{"totalVotes":"1,006,111","demVotes":"256,923","demPer":"25.5","demEv":"","repVotes":"728,701","repPer":"72.4","repEv":"9"},"Alaska":{"totalVotes":"95,219","demVotes":"32,967","demPer":"34.6","demEv":"","repVotes":"55,349","repPer":"58.1","repEv":"3"},"Arizona":{"totalVotes":"622,926","demVotes":"198,540","demPer":"31.9","demEv":"","repVotes":"402,812","repPer":"64.7","repEv":"6"},"Arkansas":{"totalVotes":"651,320","demVotes":"199,892","demPer":"30.7","demEv":"","repVotes":"448,541","repPer":"68.9","repEv":"6"},"California":{"totalVotes":"8,367,862","demVotes":"3,475,847","demPer":"41.5","demEv":"","repVotes":"4,602,096","repPer":"55","repEv":"45"},"Colorado":{"totalVotes":"953,884","demVotes":"329,980","demPer":"34.6","demEv":"","repVotes":"597,189","repPer":"62.6","repEv":"7"},"Connecticut":{"totalVotes":"1,384,277","demVotes":"555,498","demPer":"40.1","demEv":"","repVotes":"810,763","repPer":"58.6","repEv":"8"},"Delaware":{"totalVotes":"235,516","demVotes":"92,283","demPer":"39.2","demEv":"","repVotes":"140,357","repPer":"59.6","repEv":"3"},"Dist. of Col.":{"totalVotes":"163,421","demVotes":"127,627","demPer":"78.1","demEv":"3","repVotes":"35,226","repPer":"21.6","repEv":""},"Florida":{"totalVotes":"2,583,283","demVotes":"718,117","demPer":"27.8","demEv":"","repVotes":"1,857,759","repPer":"71.9","repEv":"17"},"Georgia":{"totalVotes":"1,174,772","demVotes":"289,529","demPer":"24.6","demEv":"","repVotes":"881,496","repPer":"75","repEv":"12"},"Hawaii":{"totalVotes":"270,274","demVotes":"101,409","demPer":"37.5","demEv":"","repVotes":"168,865","repPer":"62.5","repEv":"4"},"Idaho":{"totalVotes":"310,379","demVotes":"80,826","demPer":"26","demEv":"","repVotes":"199,384","repPer":"64.2","repEv":"4"},"Illinois":{"totalVotes":"4,723,236","demVotes":"1,913,472","demPer":"40.5","demEv":"","repVotes":"2,788,179","repPer":"59","repEv":"26"},"Indiana":{"totalVotes":"2,125,529","demVotes":"708,568","demPer":"33.3","demEv":"","repVotes":"1,405,154","repPer":"66.1","repEv":"13"},"Iowa":{"totalVotes":"1,225,944","demVotes":"496,206","demPer":"40.5","demEv":"","repVotes":"706,207","repPer":"57.6","repEv":"8"},"Kansas":{"totalVotes":"916,095","demVotes":"270,287","demPer":"29.5","demEv":"","repVotes":"619,812","repPer":"67.7","repEv":"7"},"Kentucky":{"totalVotes":"1,067,499","demVotes":"371,159","demPer":"34.8","demEv":"","repVotes":"676,446","repPer":"63.4","repEv":"9"},"Louisiana":{"totalVotes":"1,051,491","demVotes":"298,142","demPer":"28.4","demEv":"","repVotes":"686,852","repPer":"65.3","repEv":"10"},"Maine":{"totalVotes":"417,042","demVotes":"160,584","demPer":"38.5","demEv":"","repVotes":"256,458","repPer":"61.5","repEv":"4"},"Maryland":{"totalVotes":"1,353,812","demVotes":"505,781","demPer":"37.4","demEv":"","repVotes":"829,305","repPer":"61.3","repEv":"10"},"Massachusetts":{"totalVotes":"2,458,756","demVotes":"1,332,540","demPer":"54.2","demEv":"14","repVotes":"1,112,078","repPer":"45.2","repEv":""},"Michigan":{"totalVotes":"3,489,727","demVotes":"1,459,435","demPer":"41.8","demEv":"","repVotes":"1,961,721","repPer":"56.2","repEv":"21"},"Minnesota":{"totalVotes":"1,741,652","demVotes":"802,346","demPer":"46.1","demEv":"","repVotes":"898,269","repPer":"51.6","repEv":"10"},"Mississippi":{"totalVotes":"645,963","demVotes":"126,782","demPer":"19.6","demEv":"","repVotes":"505,125","repPer":"78.2","repEv":"7"},"Missouri":{"totalVotes":"1,855,803","demVotes":"697,147","demPer":"37.6","demEv":"","repVotes":"1,153,852","repPer":"62.2","repEv":"12"},"Montana":{"totalVotes":"317,603","demVotes":"120,197","demPer":"37.8","demEv":"","repVotes":"183,976","repPer":"57.9","repEv":"4"},"Nebraska":{"totalVotes":"576,289","demVotes":"169,991","demPer":"29.5","demEv":"","repVotes":"406,298","repPer":"70.5","repEv":"5"},"Nevada":{"totalVotes":"181,766","demVotes":"66,016","demPer":"36.3","demEv":"","repVotes":"115,750","repPer":"63.7","repEv":"3"},"New Hampshire":{"totalVotes":"334,055","demVotes":"116,435","demPer":"34.9","demEv":"","repVotes":"213,724","repPer":"64","repEv":"4"},"New Jersey":{"totalVotes":"2,997,229","demVotes":"1,102,211","demPer":"36.8","demEv":"","repVotes":"1,845,502","repPer":"61.6","repEv":"17"},"New Mexico":{"totalVotes":"386,241","demVotes":"141,084","demPer":"36.5","demEv":"","repVotes":"235,606","repPer":"61","repEv":"4"},"New York":{"totalVotes":"7,165,919","demVotes":"2,951,084","demPer":"41.2","demEv":"","repVotes":"4,192,778","repPer":"58.5","repEv":"41"},"North Carolina":{"totalVotes":"1,518,612","demVotes":"438,705","demPer":"28.9","demEv":"","repVotes":"1,054,889","repPer":"69.5","repEv":"13"},"North Dakota":{"totalVotes":"280,514","demVotes":"100,384","demPer":"35.8","demEv":"","repVotes":"174,109","repPer":"62.1","repEv":"3"},"Ohio":{"totalVotes":"4,094,787","demVotes":"1,558,889","demPer":"38.1","demEv":"","repVotes":"2,441,827","repPer":"59.6","repEv":"25"},"Oklahoma":{"totalVotes":"1,029,900","demVotes":"247,147","demPer":"24","demEv":"","repVotes":"759,025","repPer":"73.7","repEv":"8"},"Oregon":{"totalVotes":"927,946","demVotes":"392,760","demPer":"42.3","demEv":"","repVotes":"486,686","repPer":"52.4","repEv":"6"},"Pennsylvania":{"totalVotes":"4,592,106","demVotes":"1,796,951","demPer":"39.1","demEv":"","repVotes":"2,714,521","repPer":"59.1","repEv":"27"},"Rhode Island":{"totalVotes":"415,808","demVotes":"194,645","demPer":"46.8","demEv":"","repVotes":"220,383","repPer":"53","repEv":"4"},"South Carolina":{"totalVotes":"673,960","demVotes":"186,824","demPer":"27.7","demEv":"","repVotes":"477,044","repPer":"70.8","repEv":"8"},"South Dakota":{"totalVotes":"307,415","demVotes":"139,945","demPer":"45.5","demEv":"","repVotes":"166,476","repPer":"54.2","repEv":"4"},"Tennessee":{"totalVotes":"1,201,182","demVotes":"357,293","demPer":"29.7","demEv":"","repVotes":"813,147","repPer":"67.7","repEv":"10"},"Texas":{"totalVotes":"3,471,281","demVotes":"1,154,289","demPer":"33.3","demEv":"","repVotes":"2,298,896","repPer":"66.2","repEv":"26"},"Utah":{"totalVotes":"478,476","demVotes":"126,284","demPer":"26.4","demEv":"","repVotes":"323,643","repPer":"67.6","repEv":"4"},"Vermont":{"totalVotes":"186,947","demVotes":"68,174","demPer":"36.5","demEv":"","repVotes":"117,149","repPer":"62.7","repEv":"3"},"Virginia*":{"totalVotes":"1,457,019","demVotes":"438,887","demPer":"30.1","demEv":"","repVotes":"988,493","repPer":"67.8","repEv":"11*"},"Washington":{"totalVotes":"1,470,847","demVotes":"568,334","demPer":"38.6","demEv":"","repVotes":"837,135","repPer":"56.9","repEv":"9"},"West Virginia":{"totalVotes":"762,399","demVotes":"277,435","demPer":"36.4","demEv":"","repVotes":"484,964","repPer":"63.6","repEv":"6"},"Wisconsin":{"totalVotes":"1,852,890","demVotes":"810,174","demPer":"43.7","demEv":"","repVotes":"989,430","repPer":"53.4","repEv":"11"},"Wyoming":{"totalVotes":"145,570","demVotes":"44,358","demPer":"30.5","demEv":"","repVotes":"100,464","repPer":"69","repEv":"3"},"demTotalVotes":"29,170,383","demTotalEv":"17","demTotalPer":"37.5","repTotalVotes":"47,169,911","repTotalEv":"520","repTotalPer":"60.7","totalVotes":"77,718,554"},"1976":{"demCandidate":"Jimmy Carter","repCandidate":"Gerald R. Ford","Alabama":{"totalVotes":"1,182,850","demVotes":"659,170","demEv":"9","repVotes":"504,070","repPer":"42.6","repEv":""},"Alaska":{"totalVotes":"123,574","demVotes":"44,058","demEv":"","repVotes":"71,555","repPer":"57.9","repEv":"3"},"Arizona":{"totalVotes":"742,719","demVotes":"295,602","demEv":"","repVotes":"418,642","repPer":"56.4","repEv":"6"},"Arkansas":{"totalVotes":"767,535","demVotes":"498,604","demEv":"6","repVotes":"267,903","repPer":"34.9","repEv":""},"California":{"totalVotes":"7,867,117","demVotes":"3,742,284","demEv":"","repVotes":"3,882,244","repPer":"49.3","repEv":"45"},"Colorado":{"totalVotes":"1,081,554","demVotes":"460,353","demEv":"","repVotes":"584,367","repPer":"54","repEv":"7"},"Connecticut":{"totalVotes":"1,381,526","demVotes":"647,895","demEv":"","repVotes":"719,261","repPer":"52.1","repEv":"8"},"Delaware":{"totalVotes":"235,834","demVotes":"122,596","demEv":"3","repVotes":"109,831","repPer":"46.6","repEv":""},"Dist. of Col.":{"totalVotes":"168,830","demVotes":"137,818","demEv":"3","repVotes":"27,873","repPer":"16.5","repEv":""},"Florida":{"totalVotes":"3,150,631","demVotes":"1,636,000","demEv":"17","repVotes":"1,469,531","repPer":"46.6","repEv":""},"Georgia":{"totalVotes":"1,467,458","demVotes":"979,409","demEv":"12","repVotes":"483,743","repPer":"33","repEv":""},"Hawaii":{"totalVotes":"291,301","demVotes":"147,375","demEv":"4","repVotes":"140,003","repPer":"48.1","repEv":""},"Idaho":{"totalVotes":"344,071","demVotes":"126,549","demEv":"","repVotes":"204,151","repPer":"59.3","repEv":"4"},"Illinois":{"totalVotes":"4,718,914","demVotes":"2,271,295","demEv":"","repVotes":"2,364,269","repPer":"50.1","repEv":"26"},"Indiana":{"totalVotes":"2,220,362","demVotes":"1,014,714","demEv":"","repVotes":"1,183,958","repPer":"53.3","repEv":"13"},"Iowa":{"totalVotes":"1,279,306","demVotes":"619,931","demEv":"","repVotes":"632,863","repPer":"49.5","repEv":"8"},"Kansas":{"totalVotes":"957,845","demVotes":"430,421","demEv":"","repVotes":"502,752","repPer":"52.5","repEv":"7"},"Kentucky":{"totalVotes":"1,167,142","demVotes":"615,717","demEv":"9","repVotes":"531,852","repPer":"45.6","repEv":""},"Louisiana":{"totalVotes":"1,278,439","demVotes":"661,365","demEv":"10","repVotes":"587,446","repPer":"46","repEv":""},"Maine":{"totalVotes":"483,216","demVotes":"232,279","demEv":"","repVotes":"236,320","repPer":"48.9","repEv":"4"},"Maryland":{"totalVotes":"1,439,897","demVotes":"759,612","demEv":"10","repVotes":"672,661","repPer":"46.7","repEv":""},"Massachusetts":{"totalVotes":"2,547,558","demVotes":"1,429,475","demEv":"14","repVotes":"1,030,276","repPer":"40.4","repEv":""},"Michigan":{"totalVotes":"3,653,749","demVotes":"1,696,714","demEv":"","repVotes":"1,893,742","repPer":"51.8","repEv":"21"},"Minnesota":{"totalVotes":"1,949,931","demVotes":"1,070,440","demEv":"10","repVotes":"819,395","repPer":"42","repEv":""},"Mississippi":{"totalVotes":"769,361","demVotes":"381,309","demEv":"7","repVotes":"366,846","repPer":"47.7","repEv":""},"Missouri":{"totalVotes":"1,953,600","demVotes":"998,387","demEv":"12","repVotes":"927,443","repPer":"47.5","repEv":""},"Montana":{"totalVotes":"328,734","demVotes":"149,259","demEv":"","repVotes":"173,703","repPer":"52.8","repEv":"4"},"Nebraska":{"totalVotes":"607,668","demVotes":"233,692","demEv":"","repVotes":"359,705","repPer":"59.2","repEv":"5"},"Nevada":{"totalVotes":"201,876","demVotes":"92,479","demEv":"","repVotes":"101,273","repPer":"50.2","repEv":"3"},"New Hampshire":{"totalVotes":"339,618","demVotes":"147,635","demEv":"","repVotes":"185,935","repPer":"54.7","repEv":"4"},"New Jersey":{"totalVotes":"3,014,472","demVotes":"1,444,653","demEv":"","repVotes":"1,509,688","repPer":"50.1","repEv":"17"},"New Mexico":{"totalVotes":"418,409","demVotes":"201,148","demEv":"","repVotes":"211,419","repPer":"50.5","repEv":"4"},"New York":{"totalVotes":"6,534,170","demVotes":"3,389,558","demEv":"41","repVotes":"3,100,791","repPer":"47.5","repEv":""},"North Carolina":{"totalVotes":"1,678,914","demVotes":"927,365","demEv":"13","repVotes":"741,960","repPer":"44.2","repEv":""},"North Dakota":{"totalVotes":"297,188","demVotes":"136,078","demEv":"","repVotes":"153,470","repPer":"51.6","repEv":"3"},"Ohio":{"totalVotes":"4,111,873","demVotes":"2,011,621","demEv":"25","repVotes":"2,000,505","repPer":"48.7","repEv":""},"Oklahoma":{"totalVotes":"1,092,251","demVotes":"532,442","demEv":"","repVotes":"545,708","repPer":"50","repEv":"8"},"Oregon":{"totalVotes":"1,029,876","demVotes":"490,407","demEv":"","repVotes":"492,120","repPer":"47.8","repEv":"6"},"Pennsylvania":{"totalVotes":"4,620,787","demVotes":"2,328,677","demEv":"27","repVotes":"2,205,604","repPer":"47.7","repEv":""},"Rhode Island":{"totalVotes":"411,170","demVotes":"227,636","demEv":"4","repVotes":"181,249","repPer":"44.1","repEv":""},"South Carolina":{"totalVotes":"802,583","demVotes":"450,807","demEv":"8","repVotes":"346,149","repPer":"43.1","repEv":""},"South Dakota":{"totalVotes":"300,678","demVotes":"147,068","demEv":"","repVotes":"151,505","repPer":"50.4","repEv":"4"},"Tennessee":{"totalVotes":"1,476,345","demVotes":"825,879","demEv":"10","repVotes":"633,969","repPer":"42.9","repEv":""},"Texas":{"totalVotes":"4,071,884","demVotes":"2,082,319","demEv":"26","repVotes":"1,953,300","repPer":"48","repEv":""},"Utah":{"totalVotes":"541,198","demVotes":"182,110","demEv":"","repVotes":"337,908","repPer":"62.4","repEv":"4"},"Vermont":{"totalVotes":"187,765","demVotes":"80,954","demEv":"","repVotes":"102,085","repPer":"54.4","repEv":"3"},"Virginia":{"totalVotes":"1,697,094","demVotes":"813,896","demEv":"","repVotes":"836,554","repPer":"49.3","repEv":"12"},"Washington*":{"totalVotes":"1,555,534","demVotes":"717,323","demEv":"","repVotes":"777,732","repPer":"50","repEv":"8*"},"West Virginia":{"totalVotes":"750,964","demVotes":"435,914","demEv":"6","repVotes":"314,760","repPer":"41.9","repEv":""},"Wisconsin":{"totalVotes":"2,104,175","demVotes":"1,040,232","demEv":"11","repVotes":"1,004,987","repPer":"47.8","repEv":""},"Wyoming":{"totalVotes":"156,343","demVotes":"62,239","demEv":"","repVotes":"92,717","repPer":"59.3","repEv":"3"},"demTotalVotes":"40,830,763","demTotalEv":"297","repTotalVotes":"39,147,793","repTotalEv":"240","repTotalPer":"48","totalVotes":"81,555,889"},"1980":{"demCandidate":"Jimmy Carter","repCandidate":"Ronald Reagan","Alabama":{"totalVotes":"1,341,929","demVotes":"636,730","demPer":"47.4","demEv":"","repVotes":"654,192","repPer":"48.8","repEv":"9"},"Alaska":{"totalVotes":"158,445","demVotes":"41,842","demPer":"26.4","demEv":"","repVotes":"86,112","repPer":"54.3","repEv":"3"},"Arizona":{"totalVotes":"873,945","demVotes":"246,843","demPer":"28.2","demEv":"","repVotes":"529,688","repPer":"60.6","repEv":"6"},"Arkansas":{"totalVotes":"837,582","demVotes":"398,041","demPer":"47.5","demEv":"","repVotes":"403,164","repPer":"48.1","repEv":"6"},"California":{"totalVotes":"8,587,063","demVotes":"3,083,661","demPer":"35.9","demEv":"","repVotes":"4,524,858","repPer":"52.7","repEv":"45"},"Colorado":{"totalVotes":"1,184,415","demVotes":"367,973","demPer":"31.1","demEv":"","repVotes":"652,264","repPer":"55.1","repEv":"7"},"Connecticut":{"totalVotes":"1,406,285","demVotes":"541,732","demPer":"38.5","demEv":"","repVotes":"677,210","repPer":"48.2","repEv":"8"},"Delaware":{"totalVotes":"235,900","demVotes":"105,754","demPer":"44.8","demEv":"","repVotes":"111,252","repPer":"47.2","repEv":"3"},"Dist. of Col.":{"totalVotes":"175,237","demVotes":"131,113","demPer":"74.8","demEv":"3","repVotes":"23,545","repPer":"13.4","repEv":""},"Florida":{"totalVotes":"3,686,930","demVotes":"1,419,475","demPer":"38.5","demEv":"","repVotes":"2,046,951","repPer":"55.5","repEv":"17"},"Georgia":{"totalVotes":"1,596,695","demVotes":"890,733","demPer":"55.8","demEv":"12","repVotes":"654,168","repPer":"41","repEv":""},"Hawaii":{"totalVotes":"303,287","demVotes":"135,879","demPer":"44.8","demEv":"4","repVotes":"130,112","repPer":"42.9","repEv":""},"Idaho":{"totalVotes":"437,431","demVotes":"110,192","demPer":"25.2","demEv":"","repVotes":"290,699","repPer":"66.5","repEv":"4"},"Illinois":{"totalVotes":"4,749,721","demVotes":"1,981,413","demPer":"41.7","demEv":"","repVotes":"2,358,049","repPer":"49.6","repEv":"26"},"Indiana":{"totalVotes":"2,242,033","demVotes":"844,197","demPer":"37.7","demEv":"","repVotes":"1,255,656","repPer":"56","repEv":"13"},"Iowa":{"totalVotes":"1,317,661","demVotes":"508,672","demPer":"38.6","demEv":"","repVotes":"676,026","repPer":"51.3","repEv":"8"},"Kansas":{"totalVotes":"979,795","demVotes":"326,150","demPer":"33.3","demEv":"","repVotes":"566,812","repPer":"57.9","repEv":"7"},"Kentucky":{"totalVotes":"1,294,627","demVotes":"616,417","demPer":"47.6","demEv":"","repVotes":"635,274","repPer":"49.1","repEv":"9"},"Louisiana":{"totalVotes":"1,548,591","demVotes":"708,453","demPer":"45.7","demEv":"","repVotes":"792,853","repPer":"51.2","repEv":"10"},"Maine":{"totalVotes":"523,011","demVotes":"220,974","demPer":"42.3","demEv":"","repVotes":"238,522","repPer":"45.6","repEv":"4"},"Maryland":{"totalVotes":"1,540,496","demVotes":"726,161","demPer":"47.1","demEv":"10","repVotes":"680,606","repPer":"44.2","repEv":""},"Massachusetts":{"totalVotes":"2,522,890","demVotes":"1,053,802","demPer":"41.7","demEv":"","repVotes":"1,057,631","repPer":"41.9","repEv":"14"},"Michigan":{"totalVotes":"3,909,725","demVotes":"1,661,532","demPer":"42.5","demEv":"","repVotes":"1,915,225","repPer":"49","repEv":"21"},"Minnesota":{"totalVotes":"2,051,980","demVotes":"954,174","demPer":"46.5","demEv":"10","repVotes":"873,268","repPer":"42.6","repEv":""},"Mississippi":{"totalVotes":"892,620","demVotes":"429,281","demPer":"48.1","demEv":"","repVotes":"441,089","repPer":"49.4","repEv":"7"},"Missouri":{"totalVotes":"2,099,824","demVotes":"931,182","demPer":"44.3","demEv":"","repVotes":"1,074,181","repPer":"51.2","repEv":"12"},"Montana":{"totalVotes":"363,952","demVotes":"118,032","demPer":"32.4","demEv":"","repVotes":"206,814","repPer":"56.8","repEv":"4"},"Nebraska":{"totalVotes":"640,854","demVotes":"166,851","demPer":"26","demEv":"","repVotes":"419,937","repPer":"65.5","repEv":"5"},"Nevada":{"totalVotes":"247,885","demVotes":"66,666","demPer":"26.9","demEv":"","repVotes":"155,017","repPer":"62.5","repEv":"3"},"New Hampshire":{"totalVotes":"383,990","demVotes":"108,864","demPer":"28.4","demEv":"","repVotes":"221,705","repPer":"57.7","repEv":"4"},"New Jersey":{"totalVotes":"2,975,684","demVotes":"1,147,364","demPer":"38.6","demEv":"","repVotes":"1,546,557","repPer":"52","repEv":"17"},"New Mexico":{"totalVotes":"456,971","demVotes":"167,826","demPer":"36.7","demEv":"","repVotes":"250,779","repPer":"54.9","repEv":"4"},"New York":{"totalVotes":"6,201,959","demVotes":"2,728,372","demPer":"44","demEv":"","repVotes":"2,893,831","repPer":"46.7","repEv":"41"},"North Carolina":{"totalVotes":"1,855,833","demVotes":"875,635","demPer":"47.2","demEv":"","repVotes":"915,018","repPer":"49.3","repEv":"13"},"North Dakota":{"totalVotes":"301,545","demVotes":"79,189","demPer":"26.3","demEv":"","repVotes":"193,695","repPer":"64.2","repEv":"3"},"Ohio":{"totalVotes":"4,283,603","demVotes":"1,752,414","demPer":"40.9","demEv":"","repVotes":"2,206,545","repPer":"51.5","repEv":"25"},"Oklahoma":{"totalVotes":"1,149,708","demVotes":"402,026","demPer":"35","demEv":"","repVotes":"695,570","repPer":"60.5","repEv":"8"},"Oregon":{"totalVotes":"1,181,516","demVotes":"456,890","demPer":"38.7","demEv":"","repVotes":"571,044","repPer":"48.3","repEv":"6"},"Pennsylvania":{"totalVotes":"4,561,501","demVotes":"1,937,540","demPer":"42.5","demEv":"","repVotes":"2,261,872","repPer":"49.6","repEv":"27"},"Rhode Island":{"totalVotes":"416,072","demVotes":"198,342","demPer":"47.7","demEv":"4","repVotes":"154,793","repPer":"37.2","repEv":""},"South Carolina":{"totalVotes":"894,071","demVotes":"430,385","demPer":"48.1","demEv":"","repVotes":"441,841","repPer":"49.4","repEv":"8"},"South Dakota":{"totalVotes":"327,703","demVotes":"103,855","demPer":"31.7","demEv":"","repVotes":"198,343","repPer":"60.5","repEv":"4"},"Tennessee":{"totalVotes":"1,617,616","demVotes":"783,051","demPer":"48.4","demEv":"","repVotes":"787,761","repPer":"48.7","repEv":"10"},"Texas":{"totalVotes":"4,541,636","demVotes":"1,881,147","demPer":"41.4","demEv":"","repVotes":"2,510,705","repPer":"55.3","repEv":"26"},"Utah":{"totalVotes":"604,222","demVotes":"124,266","demPer":"20.6","demEv":"","repVotes":"439,687","repPer":"72.8","repEv":"4"},"Vermont":{"totalVotes":"213,299","demVotes":"81,952","demPer":"38.4","demEv":"","repVotes":"94,628","repPer":"44.4","repEv":"3"},"Virginia":{"totalVotes":"1,866,032","demVotes":"752,174","demPer":"40.3","demEv":"","repVotes":"989,609","repPer":"53","repEv":"12"},"Washington":{"totalVotes":"1,742,394","demVotes":"650,193","demPer":"37.3","demEv":"","repVotes":"865,244","repPer":"49.7","repEv":"9"},"West Virginia":{"totalVotes":"737,715","demVotes":"367,462","demPer":"49.8","demEv":"6","repVotes":"334,206","repPer":"45.3","repEv":""},"Wisconsin":{"totalVotes":"2,273,221","demVotes":"981,584","demPer":"43.2","demEv":"","repVotes":"1,088,845","repPer":"47.9","repEv":"11"},"Wyoming":{"totalVotes":"176,713","demVotes":"49,427","demPer":"28","demEv":"","repVotes":"110,700","repPer":"62.6","repEv":"3"},"demTotalVotes":"35,483,883","demTotalEv":"49","demTotalPer":"41","repTotalVotes":"43,904,153","repTotalEv":"489","repTotalPer":"50.7","totalVotes":"86,513,813"},"1984":{"demCandidate":"Walter Mondale","repCandidate":"Ronald Reagan","Alabama":{"totalVotes":"1,441,713","demVotes":"551,899","demPer":"38.3","demEv":"","repVotes":"872,849","repPer":"60.5","repEv":"9"},"Alaska":{"totalVotes":"207,605","demVotes":"62,007","demPer":"29.9","demEv":"","repVotes":"138,377","repPer":"66.7","repEv":"3"},"Arizona":{"totalVotes":"1,025,897","demVotes":"333,854","demPer":"32.5","demEv":"","repVotes":"681,416","repPer":"66.4","repEv":"7"},"Arkansas":{"totalVotes":"884,406","demVotes":"338,646","demPer":"38.3","demEv":"","repVotes":"534,774","repPer":"60.5","repEv":"6"},"California":{"totalVotes":"9,505,423","demVotes":"3,922,519","demPer":"41.3","demEv":"","repVotes":"5,467,009","repPer":"57.5","repEv":"47"},"Colorado":{"totalVotes":"1,295,380","demVotes":"454,975","demPer":"35.1","demEv":"","repVotes":"821,817","repPer":"63.4","repEv":"8"},"Connecticut":{"totalVotes":"1,466,900","demVotes":"569,597","demPer":"38.8","demEv":"","repVotes":"890,877","repPer":"60.7","repEv":"8"},"Delaware":{"totalVotes":"254,572","demVotes":"101,656","demPer":"39.9","demEv":"","repVotes":"152,190","repPer":"59.8","repEv":"3"},"Dist. of Col.":{"totalVotes":"211,288","demVotes":"180,408","demPer":"85.4","demEv":"3","repVotes":"29,009","repPer":"13.7","repEv":""},"Florida":{"totalVotes":"4,180,051","demVotes":"1,448,816","demPer":"34.7","demEv":"","repVotes":"2,730,350","repPer":"65.3","repEv":"21"},"Georgia":{"totalVotes":"1,776,120","demVotes":"706,628","demPer":"39.8","demEv":"","repVotes":"1,068,722","repPer":"60.2","repEv":"12"},"Hawaii":{"totalVotes":"335,846","demVotes":"147,154","demPer":"43.8","demEv":"","repVotes":"185,050","repPer":"55.1","repEv":"4"},"Idaho":{"totalVotes":"411,144","demVotes":"108,510","demPer":"26.4","demEv":"","repVotes":"297,523","repPer":"72.4","repEv":"4"},"Illinois":{"totalVotes":"4,819,088","demVotes":"2,086,499","demPer":"43.3","demEv":"","repVotes":"2,707,103","repPer":"56.2","repEv":"24"},"Indiana":{"totalVotes":"2,233,069","demVotes":"841,481","demPer":"37.7","demEv":"","repVotes":"1,377,230","repPer":"61.7","repEv":"12"},"Iowa":{"totalVotes":"1,319,805","demVotes":"605,620","demPer":"45.9","demEv":"","repVotes":"703,088","repPer":"53.3","repEv":"8"},"Kansas":{"totalVotes":"1,021,991","demVotes":"333,149","demPer":"32.6","demEv":"","repVotes":"677,296","repPer":"66.3","repEv":"7"},"Kentucky":{"totalVotes":"1,369,345","demVotes":"539,539","demPer":"39.4","demEv":"","repVotes":"821,702","repPer":"60","repEv":"9"},"Louisiana":{"totalVotes":"1,706,822","demVotes":"651,586","demPer":"38.2","demEv":"","repVotes":"1,037,299","repPer":"60.8","repEv":"10"},"Maine":{"totalVotes":"553,144","demVotes":"214,515","demPer":"38.8","demEv":"","repVotes":"336,500","repPer":"60.8","repEv":"4"},"Maryland":{"totalVotes":"1,675,873","demVotes":"787,935","demPer":"47","demEv":"","repVotes":"879,918","repPer":"52.5","repEv":"10"},"Massachusetts":{"totalVotes":"2,559,453","demVotes":"1,239,606","demPer":"48.4","demEv":"","repVotes":"1,310,936","repPer":"51.2","repEv":"13"},"Michigan":{"totalVotes":"3,801,658","demVotes":"1,529,638","demPer":"40.2","demEv":"","repVotes":"2,251,571","repPer":"59.2","repEv":"20"},"Minnesota":{"totalVotes":"2,084,449","demVotes":"1,036,364","demPer":"49.7","demEv":"10","repVotes":"1,032,603","repPer":"49.5","repEv":""},"Mississippi":{"totalVotes":"941,104","demVotes":"352,192","demPer":"37.4","demEv":"","repVotes":"582,377","repPer":"61.9","repEv":"7"},"Missouri":{"totalVotes":"2,122,783","demVotes":"848,583","demPer":"40","demEv":"","repVotes":"1,274,188","repPer":"60","repEv":"11"},"Montana":{"totalVotes":"384,377","demVotes":"146,742","demPer":"38.2","demEv":"","repVotes":"232,450","repPer":"60.5","repEv":"4"},"Nebraska":{"totalVotes":"652,090","demVotes":"187,866","demPer":"28.8","demEv":"","repVotes":"460,054","repPer":"70.6","repEv":"5"},"Nevada":{"totalVotes":"286,667","demVotes":"91,655","demPer":"32","demEv":"","repVotes":"188,770","repPer":"65.8","repEv":"4"},"New Hampshire":{"totalVotes":"389,066","demVotes":"120,395","demPer":"30.9","demEv":"","repVotes":"267,051","repPer":"68.6","repEv":"4"},"New Jersey":{"totalVotes":"3,217,862","demVotes":"1,261,323","demPer":"39.2","demEv":"","repVotes":"1,933,630","repPer":"60.1","repEv":"16"},"New Mexico":{"totalVotes":"514,370","demVotes":"201,769","demPer":"39.2","demEv":"","repVotes":"307,101","repPer":"59.7","repEv":"5"},"New York":{"totalVotes":"6,806,810","demVotes":"3,119,609","demPer":"45.8","demEv":"","repVotes":"3,664,763","repPer":"53.8","repEv":"36"},"North Carolina":{"totalVotes":"2,175,361","demVotes":"824,287","demPer":"37.9","demEv":"","repVotes":"1,346,481","repPer":"61.9","repEv":"13"},"North Dakota":{"totalVotes":"308,971","demVotes":"104,429","demPer":"33.8","demEv":"","repVotes":"200,336","repPer":"64.8","repEv":"3"},"Ohio":{"totalVotes":"4,547,619","demVotes":"1,825,440","demPer":"40.1","demEv":"","repVotes":"2,678,560","repPer":"58.9","repEv":"23"},"Oklahoma":{"totalVotes":"1,255,676","demVotes":"385,080","demPer":"30.7","demEv":"","repVotes":"861,530","repPer":"68.6","repEv":"8"},"Oregon":{"totalVotes":"1,226,527","demVotes":"536,479","demPer":"43.7","demEv":"","repVotes":"685,700","repPer":"55.9","repEv":"7"},"Pennsylvania":{"totalVotes":"4,844,903","demVotes":"2,228,131","demPer":"46","demEv":"","repVotes":"2,584,323","repPer":"53.3","repEv":"25"},"Rhode Island":{"totalVotes":"410,492","demVotes":"197,106","demPer":"48","demEv":"","repVotes":"212,080","repPer":"51.7","repEv":"4"},"South Carolina":{"totalVotes":"968,529","demVotes":"344,459","demPer":"35.6","demEv":"","repVotes":"615,539","repPer":"63.6","repEv":"8"},"South Dakota":{"totalVotes":"317,867","demVotes":"116,113","demPer":"36.5","demEv":"","repVotes":"200,267","repPer":"63","repEv":"3"},"Tennessee":{"totalVotes":"1,711,994","demVotes":"711,714","demPer":"41.6","demEv":"","repVotes":"990,212","repPer":"57.8","repEv":"11"},"Texas":{"totalVotes":"5,397,571","demVotes":"1,949,276","demPer":"36.1","demEv":"","repVotes":"3,433,428","repPer":"63.6","repEv":"29"},"Utah":{"totalVotes":"629,656","demVotes":"155,369","demPer":"24.7","demEv":"","repVotes":"469,105","repPer":"74.5","repEv":"5"},"Vermont":{"totalVotes":"234,561","demVotes":"95,730","demPer":"40.8","demEv":"","repVotes":"135,865","repPer":"57.9","repEv":"3"},"Virginia":{"totalVotes":"2,146,635","demVotes":"796,250","demPer":"37.1","demEv":"","repVotes":"1,337,078","repPer":"62.3","repEv":"12"},"Washington":{"totalVotes":"1,883,910","demVotes":"807,352","demPer":"42.9","demEv":"","repVotes":"1,051,670","repPer":"55.8","repEv":"10"},"West Virginia":{"totalVotes":"735,742","demVotes":"328,125","demPer":"44.6","demEv":"","repVotes":"405,483","repPer":"55.1","repEv":"6"},"Wisconsin":{"totalVotes":"2,211,689","demVotes":"995,740","demPer":"45","demEv":"","repVotes":"1,198,584","repPer":"54.2","repEv":"11"},"Wyoming":{"totalVotes":"188,968","demVotes":"53,370","demPer":"28.2","demEv":"","repVotes":"133,241","repPer":"70.5","repEv":"3"},"demTotalVotes":"37,577,185","demTotalEv":"13","demTotalPer":"40.6","repTotalVotes":"54,455,075","repTotalEv":"525","repTotalPer":"58.8","totalVotes":"92,652,842"},"1988":{"demCandidate":"Michael Dukakis","repCandidate":"George Bush","Alabama":{"totalVotes":"1,378,476","demVotes":"549,506","demPer":"39.9","demEv":"","repVotes":"815,576","repPer":"59.2","repEv":"9"},"Alaska":{"totalVotes":"200,116","demVotes":"72,584","demPer":"36.3","demEv":"","repVotes":"119,251","repPer":"59.6","repEv":"3"},"Arizona":{"totalVotes":"1,171,873","demVotes":"454,029","demPer":"38.7","demEv":"","repVotes":"702,541","repPer":"60","repEv":"7"},"Arkansas":{"totalVotes":"827,738","demVotes":"349,237","demPer":"42.2","demEv":"","repVotes":"466,578","repPer":"56.4","repEv":"6"},"California":{"totalVotes":"9,887,065","demVotes":"4,702,233","demPer":"47.6","demEv":"","repVotes":"5,054,917","repPer":"51.1","repEv":"47"},"Colorado":{"totalVotes":"1,372,394","demVotes":"621,453","demPer":"45.3","demEv":"","repVotes":"728,177","repPer":"53.1","repEv":"8"},"Connecticut":{"totalVotes":"1,443,394","demVotes":"676,584","demPer":"46.9","demEv":"","repVotes":"750,241","repPer":"52","repEv":"8"},"Delaware":{"totalVotes":"249,891","demVotes":"108,647","demPer":"43.5","demEv":"","repVotes":"139,639","repPer":"55.9","repEv":"3"},"Dist. of Col.":{"totalVotes":"192,877","demVotes":"159,407","demPer":"82.6","demEv":"3","repVotes":"27,590","repPer":"14.3","repEv":""},"Florida":{"totalVotes":"4,302,313","demVotes":"1,656,701","demPer":"38.5","demEv":"","repVotes":"2,618,885","repPer":"60.9","repEv":"21"},"Georgia":{"totalVotes":"1,809,672","demVotes":"714,792","demPer":"39.5","demEv":"","repVotes":"1,081,331","repPer":"59.8","repEv":"12"},"Hawaii":{"totalVotes":"354,461","demVotes":"192,364","demPer":"54.3","demEv":"4","repVotes":"158,625","repPer":"44.8","repEv":""},"Idaho":{"totalVotes":"408,968","demVotes":"147,272","demPer":"36","demEv":"","repVotes":"253,881","repPer":"62.1","repEv":"4"},"Illinois":{"totalVotes":"4,559,120","demVotes":"2,215,940","demPer":"48.6","demEv":"","repVotes":"2,310,939","repPer":"50.7","repEv":"24"},"Indiana":{"totalVotes":"2,168,621","demVotes":"860,643","demPer":"39.7","demEv":"","repVotes":"1,297,763","repPer":"59.8","repEv":"12"},"Iowa":{"totalVotes":"1,225,614","demVotes":"670,557","demPer":"54.7","demEv":"8","repVotes":"545,355","repPer":"44.5","repEv":""},"Kansas":{"totalVotes":"993,044","demVotes":"422,636","demPer":"42.6","demEv":"","repVotes":"554,049","repPer":"55.8","repEv":"7"},"Kentucky":{"totalVotes":"1,322,517","demVotes":"580,368","demPer":"43.9","demEv":"","repVotes":"734,281","repPer":"55.5","repEv":"9"},"Louisiana":{"totalVotes":"1,628,202","demVotes":"717,460","demPer":"44.1","demEv":"","repVotes":"883,702","repPer":"54.3","repEv":"10"},"Maine":{"totalVotes":"555,035","demVotes":"243,569","demPer":"43.9","demEv":"","repVotes":"307,131","repPer":"55.3","repEv":"4"},"Maryland":{"totalVotes":"1,714,358","demVotes":"826,304","demPer":"48.2","demEv":"","repVotes":"876,167","repPer":"51.1","repEv":"10"},"Massachusetts":{"totalVotes":"2,632,805","demVotes":"1,401,415","demPer":"53.2","demEv":"13","repVotes":"1,194,635","repPer":"45.4","repEv":""},"Michigan":{"totalVotes":"3,669,163","demVotes":"1,675,783","demPer":"45.7","demEv":"","repVotes":"1,965,486","repPer":"53.6","repEv":"20"},"Minnesota":{"totalVotes":"2,096,790","demVotes":"1,109,471","demPer":"52.9","demEv":"10","repVotes":"962,337","repPer":"45.9","repEv":""},"Mississippi":{"totalVotes":"931,527","demVotes":"363,921","demPer":"39.1","demEv":"","repVotes":"557,890","repPer":"59.9","repEv":"7"},"Missouri":{"totalVotes":"2,093,713","demVotes":"1,001,619","demPer":"47.8","demEv":"","repVotes":"1,084,953","repPer":"51.8","repEv":"11"},"Montana":{"totalVotes":"365,674","demVotes":"168,936","demPer":"46.2","demEv":"","repVotes":"190,412","repPer":"52.1","repEv":"4"},"Nebraska":{"totalVotes":"661,465","demVotes":"259,235","demPer":"39.2","demEv":"","repVotes":"397,956","repPer":"60.2","repEv":"5"},"Nevada":{"totalVotes":"350,067","demVotes":"132,738","demPer":"37.9","demEv":"","repVotes":"206,040","repPer":"58.9","repEv":"4"},"New Hampshire":{"totalVotes":"451,074","demVotes":"163,696","demPer":"36.3","demEv":"","repVotes":"281,537","repPer":"62.4","repEv":"4"},"New Jersey":{"totalVotes":"3,099,553","demVotes":"1,320,352","demPer":"42.6","demEv":"","repVotes":"1,743,192","repPer":"56.2","repEv":"16"},"New Mexico":{"totalVotes":"521,287","demVotes":"244,497","demPer":"46.9","demEv":"","repVotes":"270,341","repPer":"51.9","repEv":"5"},"New York":{"totalVotes":"6,485,683","demVotes":"3,347,882","demPer":"51.6","demEv":"36","repVotes":"3,081,871","repPer":"47.5","repEv":""},"North Carolina":{"totalVotes":"2,134,370","demVotes":"890,167","demPer":"41.7","demEv":"","repVotes":"1,237,258","repPer":"58","repEv":"13"},"North Dakota":{"totalVotes":"297,261","demVotes":"127,739","demPer":"43","demEv":"","repVotes":"166,559","repPer":"56","repEv":"3"},"Ohio":{"totalVotes":"4,393,699","demVotes":"1,939,629","demPer":"44.1","demEv":"","repVotes":"2,416,549","repPer":"55","repEv":"23"},"Oklahoma":{"totalVotes":"1,171,036","demVotes":"483,423","demPer":"41.3","demEv":"","repVotes":"678,367","repPer":"57.9","repEv":"8"},"Oregon":{"totalVotes":"1,201,694","demVotes":"616,206","demPer":"51.3","demEv":"7","repVotes":"560,126","repPer":"46.6","repEv":""},"Pennsylvania":{"totalVotes":"4,536,251","demVotes":"2,194,944","demPer":"48.4","demEv":"","repVotes":"2,300,087","repPer":"50.7","repEv":"25"},"Rhode Island":{"totalVotes":"404,620","demVotes":"225,123","demPer":"55.6","demEv":"4","repVotes":"177,761","repPer":"43.9","repEv":""},"South Carolina":{"totalVotes":"986,009","demVotes":"370,554","demPer":"37.6","demEv":"","repVotes":"606,443","repPer":"61.5","repEv":"8"},"South Dakota":{"totalVotes":"312,991","demVotes":"145,560","demPer":"46.5","demEv":"","repVotes":"165,415","repPer":"52.8","repEv":"3"},"Tennessee":{"totalVotes":"1,636,250","demVotes":"679,794","demPer":"41.5","demEv":"","repVotes":"947,233","repPer":"57.9","repEv":"11"},"Texas":{"totalVotes":"5,427,410","demVotes":"2,352,748","demPer":"43.3","demEv":"","repVotes":"3,036,829","repPer":"56","repEv":"29"},"Utah":{"totalVotes":"647,008","demVotes":"207,343","demPer":"32","demEv":"","repVotes":"428,442","repPer":"66.2","repEv":"5"},"Vermont":{"totalVotes":"243,328","demVotes":"115,775","demPer":"47.6","demEv":"","repVotes":"124,331","repPer":"51.1","repEv":"3"},"Virginia":{"totalVotes":"2,191,609","demVotes":"859,799","demPer":"39.2","demEv":"","repVotes":"1,309,162","repPer":"59.7","repEv":"12"},"Washington":{"totalVotes":"1,865,253","demVotes":"933,516","demPer":"50","demEv":"10","repVotes":"903,835","repPer":"48.5","repEv":""},"West Virginia*":{"totalVotes":"653,311","demVotes":"341,016","demPer":"52.2","demEv":"5*","repVotes":"310,065","repPer":"47.5","repEv":""},"Wisconsin":{"totalVotes":"2,191,608","demVotes":"1,126,794","demPer":"51.4","demEv":"11","repVotes":"1,047,499","repPer":"47.8","repEv":""},"Wyoming":{"totalVotes":"176,551","demVotes":"67,113","demPer":"38","demEv":"","repVotes":"106,867","repPer":"60.5","repEv":"3"},"demTotalVotes":"41,809,074","demTotalEv":"111","demTotalPer":"45.6","repTotalVotes":"48,886,097","repTotalEv":"426","repTotalPer":"53.4","totalVotes":"91,594,809"},"1992":{"demCandidate":"William J. Clinton","repCandidate":"George Bush","Alabama":{"totalVotes":"1,688,060","demVotes":"690,080","demPer":"40.9","demEv":"","repVotes":"804,283","repPer":"47.6","repEv":"9"},"Alaska":{"totalVotes":"258,506","demVotes":"78,294","demPer":"30.3","demEv":"","repVotes":"102,000","repPer":"39.5","repEv":"3"},"Arizona":{"totalVotes":"1,486,975","demVotes":"543,050","demPer":"36.5","demEv":"","repVotes":"572,086","repPer":"38.5","repEv":"8"},"Arkansas":{"totalVotes":"950,653","demVotes":"505,823","demPer":"53.2","demEv":"6","repVotes":"337,324","repPer":"35.5","repEv":""},"California":{"totalVotes":"11,131,721","demVotes":"5,121,325","demPer":"46","demEv":"54","repVotes":"3,630,574","repPer":"32.6","repEv":""},"Colorado":{"totalVotes":"1,569,180","demVotes":"629,681","demPer":"40.1","demEv":"8","repVotes":"562,850","repPer":"35.9","repEv":""},"Connecticut":{"totalVotes":"1,616,332","demVotes":"682,318","demPer":"42.2","demEv":"8","repVotes":"578,313","repPer":"35.8","repEv":""},"Delaware":{"totalVotes":"289,735","demVotes":"126,054","demPer":"43.5","demEv":"3","repVotes":"102,313","repPer":"35.3","repEv":""},"Dist. of Col.":{"totalVotes":"227,572","demVotes":"192,619","demPer":"84.6","demEv":"3","repVotes":"20,698","repPer":"9.1","repEv":""},"Florida":{"totalVotes":"5,314,392","demVotes":"2,072,698","demPer":"39","demEv":"","repVotes":"2,173,310","repPer":"40.9","repEv":"25"},"Georgia":{"totalVotes":"2,321,125","demVotes":"1,008,966","demPer":"43.5","demEv":"13","repVotes":"995,252","repPer":"42.9","repEv":""},"Hawaii":{"totalVotes":"372,842","demVotes":"179,310","demPer":"48.1","demEv":"4","repVotes":"136,822","repPer":"36.7","repEv":""},"Idaho":{"totalVotes":"482,142","demVotes":"137,013","demPer":"28.4","demEv":"","repVotes":"202,645","repPer":"42","repEv":"4"},"Illinois":{"totalVotes":"5,050,157","demVotes":"2,453,350","demPer":"48.6","demEv":"22","repVotes":"1,734,096","repPer":"34.3","repEv":""},"Indiana":{"totalVotes":"2,305,871","demVotes":"848,420","demPer":"36.8","demEv":"","repVotes":"989,375","repPer":"42.9","repEv":"12"},"Iowa":{"totalVotes":"1,354,607","demVotes":"586,353","demPer":"43.3","demEv":"7","repVotes":"504,891","repPer":"37.3","repEv":""},"Kansas":{"totalVotes":"1,157,335","demVotes":"390,434","demPer":"33.7","demEv":"","repVotes":"449,951","repPer":"38.9","repEv":"6"},"Kentucky":{"totalVotes":"1,492,900","demVotes":"665,104","demPer":"44.6","demEv":"8","repVotes":"617,178","repPer":"41.3","repEv":""},"Louisiana":{"totalVotes":"1,790,017","demVotes":"815,971","demPer":"45.6","demEv":"9","repVotes":"733,386","repPer":"41","repEv":""},"Maine":{"totalVotes":"679,499","demVotes":"263,420","demPer":"38.8","demEv":"4","repVotes":"206,504","repPer":"30.4","repEv":""},"Maryland":{"totalVotes":"1,985,046","demVotes":"988,571","demPer":"49.8","demEv":"10","repVotes":"707,094","repPer":"35.6","repEv":""},"Massachusetts":{"totalVotes":"2,773,700","demVotes":"1,318,662","demPer":"47.5","demEv":"12","repVotes":"805,049","repPer":"29","repEv":""},"Michigan":{"totalVotes":"4,274,673","demVotes":"1,871,182","demPer":"43.8","demEv":"18","repVotes":"1,554,940","repPer":"36.4","repEv":""},"Minnesota":{"totalVotes":"2,347,948","demVotes":"1,020,997","demPer":"43.5","demEv":"10","repVotes":"747,841","repPer":"31.9","repEv":""},"Mississippi":{"totalVotes":"981,793","demVotes":"400,258","demPer":"40.8","demEv":"","repVotes":"487,793","repPer":"49.7","repEv":"7"},"Missouri":{"totalVotes":"2,391,565","demVotes":"1,053,873","demPer":"44.1","demEv":"11","repVotes":"811,159","repPer":"33.9","repEv":""},"Montana":{"totalVotes":"410,611","demVotes":"154,507","demPer":"37.6","demEv":"3","repVotes":"144,207","repPer":"35.1","repEv":""},"Nebraska":{"totalVotes":"737,546","demVotes":"216,864","demPer":"29.4","demEv":"","repVotes":"343,678","repPer":"46.6","repEv":"5"},"Nevada":{"totalVotes":"506,318","demVotes":"189,148","demPer":"37.4","demEv":"4","repVotes":"175,828","repPer":"34.7","repEv":""},"New Hampshire":{"totalVotes":"537,943","demVotes":"209,040","demPer":"38.9","demEv":"4","repVotes":"202,484","repPer":"37.6","repEv":""},"New Jersey":{"totalVotes":"3,343,594","demVotes":"1,436,206","demPer":"43","demEv":"15","repVotes":"1,356,865","repPer":"40.6","repEv":""},"New Mexico":{"totalVotes":"569,986","demVotes":"261,617","demPer":"45.9","demEv":"5","repVotes":"212,824","repPer":"37.3","repEv":""},"New York":{"totalVotes":"6,926,925","demVotes":"3,444,450","demPer":"49.7","demEv":"33","repVotes":"2,346,649","repPer":"33.9","repEv":""},"North Carolina":{"totalVotes":"2,611,850","demVotes":"1,114,042","demPer":"42.7","demEv":"","repVotes":"1,134,661","repPer":"43.4","repEv":"14"},"North Dakota":{"totalVotes":"308,133","demVotes":"99,168","demPer":"32.2","demEv":"","repVotes":"136,244","repPer":"44.2","repEv":"3"},"Ohio":{"totalVotes":"4,939,967","demVotes":"1,984,942","demPer":"40.2","demEv":"21","repVotes":"1,894,310","repPer":"38.3","repEv":""},"Oklahoma":{"totalVotes":"1,390,359","demVotes":"473,066","demPer":"34","demEv":"","repVotes":"592,929","repPer":"42.6","repEv":"8"},"Oregon":{"totalVotes":"1,462,643","demVotes":"621,314","demPer":"42.5","demEv":"7","repVotes":"475,757","repPer":"32.5","repEv":""},"Pennsylvania":{"totalVotes":"4,959,810","demVotes":"2,239,164","demPer":"45.1","demEv":"23","repVotes":"1,791,841","repPer":"36.1","repEv":""},"Rhode Island":{"totalVotes":"453,477","demVotes":"213,299","demPer":"47","demEv":"4","repVotes":"131,601","repPer":"29","repEv":""},"South Carolina":{"totalVotes":"1,202,527","demVotes":"479,514","demPer":"39.9","demEv":"","repVotes":"577,507","repPer":"48","repEv":"8"},"South Dakota":{"totalVotes":"336,254","demVotes":"124,888","demPer":"37.1","demEv":"","repVotes":"136,718","repPer":"40.7","repEv":"3"},"Tennessee":{"totalVotes":"1,982,638","demVotes":"933,521","demPer":"47.1","demEv":"11","repVotes":"841,300","repPer":"42.4","repEv":""},"Texas":{"totalVotes":"6,154,018","demVotes":"2,281,815","demPer":"37.1","demEv":"","repVotes":"2,496,071","repPer":"40.6","repEv":"32"},"Utah":{"totalVotes":"743,999","demVotes":"183,429","demPer":"24.7","demEv":"","repVotes":"322,632","repPer":"43.4","repEv":"5"},"Vermont":{"totalVotes":"289,701","demVotes":"133,592","demPer":"46.1","demEv":"3","repVotes":"88,122","repPer":"30.4","repEv":""},"Virginia":{"totalVotes":"2,558,665","demVotes":"1,038,650","demPer":"40.6","demEv":"","repVotes":"1,150,517","repPer":"45","repEv":"13"},"Washington":{"totalVotes":"2,288,230","demVotes":"993,037","demPer":"43.4","demEv":"11","repVotes":"731,234","repPer":"32","repEv":""},"West Virginia":{"totalVotes":"683,762","demVotes":"331,001","demPer":"48.4","demEv":"5","repVotes":"241,974","repPer":"35.4","repEv":""},"Wisconsin":{"totalVotes":"2,531,114","demVotes":"1,041,066","demPer":"41.1","demEv":"11","repVotes":"930,855","repPer":"36.8","repEv":""},"Wyoming":{"totalVotes":"200,598","demVotes":"68,160","demPer":"34","demEv":"","repVotes":"79,347","repPer":"39.6","repEv":"3"},"demTotalVotes":"44,909,326","demTotalEv":"370","demTotalPer":"43","repTotalVotes":"39,103,882","repTotalEv":"168","repTotalPer":"37.4","totalVotes":"104,425,014"},"1996":{"demCandidate":"William J. Clinton","repCandidate":"Robert Dole","Alabama":{"totalVotes":"1,534,349","demVotes":"662,165","demPer":"43.2","demEv":"","repVotes":"769,044","repPer":"50.1","repEv":"9"},"Alaska":{"totalVotes":"241,620","demVotes":"80,380","demPer":"33.3","demEv":"","repVotes":"122,746","repPer":"50.8","repEv":"3"},"Arizona":{"totalVotes":"1,404,405","demVotes":"653,288","demPer":"46.5","demEv":"8","repVotes":"622,073","repPer":"44.3","repEv":""},"Arkansas":{"totalVotes":"884,262","demVotes":"475,171","demPer":"53.7","demEv":"6","repVotes":"325,416","repPer":"36.8","repEv":""},"California":{"totalVotes":"10,019,484","demVotes":"5,119,835","demPer":"51.1","demEv":"54","repVotes":"3,828,380","repPer":"38.2","repEv":""},"Colorado":{"totalVotes":"1,510,704","demVotes":"671,152","demPer":"44.4","demEv":"","repVotes":"691,848","repPer":"45.8","repEv":"8"},"Connecticut":{"totalVotes":"1,392,614","demVotes":"735,740","demPer":"52.8","demEv":"8","repVotes":"483,109","repPer":"34.7","repEv":""},"Delaware":{"totalVotes":"270,845","demVotes":"140,355","demPer":"51.8","demEv":"3","repVotes":"99,062","repPer":"36.6","repEv":""},"Dist. of Col.":{"totalVotes":"185,726","demVotes":"158,220","demPer":"85.2","demEv":"3","repVotes":"17,339","repPer":"9.3","repEv":""},"Florida":{"totalVotes":"5,303,794","demVotes":"2,546,870","demPer":"48","demEv":"25","repVotes":"2,244,536","repPer":"42.3","repEv":""},"Georgia":{"totalVotes":"2,299,071","demVotes":"1,053,849","demPer":"45.8","demEv":"","repVotes":"1,080,843","repPer":"47","repEv":"13"},"Hawaii":{"totalVotes":"360,120","demVotes":"205,012","demPer":"56.9","demEv":"4","repVotes":"113,943","repPer":"31.6","repEv":""},"Idaho":{"totalVotes":"491,719","demVotes":"165,443","demPer":"33.6","demEv":"","repVotes":"256,595","repPer":"52.2","repEv":"4"},"Illinois":{"totalVotes":"4,311,391","demVotes":"2,341,744","demPer":"54.3","demEv":"22","repVotes":"1,587,021","repPer":"36.8","repEv":""},"Indiana":{"totalVotes":"2,135,431","demVotes":"887,424","demPer":"41.6","demEv":"","repVotes":"1,006,693","repPer":"47.1","repEv":"12"},"Iowa":{"totalVotes":"1,234,075","demVotes":"620,258","demPer":"50.3","demEv":"7","repVotes":"492,644","repPer":"39.9","repEv":""},"Kansas":{"totalVotes":"1,074,300","demVotes":"387,659","demPer":"36.1","demEv":"","repVotes":"583,245","repPer":"54.3","repEv":"6"},"Kentucky":{"totalVotes":"1,388,708","demVotes":"636,614","demPer":"45.8","demEv":"8","repVotes":"623,283","repPer":"44.9","repEv":""},"Louisiana":{"totalVotes":"1,783,959","demVotes":"927,837","demPer":"52","demEv":"9","repVotes":"712,586","repPer":"39.9","repEv":""},"Maine":{"totalVotes":"605,897","demVotes":"312,788","demPer":"51.6","demEv":"4","repVotes":"186,378","repPer":"30.8","repEv":""},"Maryland":{"totalVotes":"1,780,870","demVotes":"966,207","demPer":"54.3","demEv":"10","repVotes":"681,530","repPer":"38.3","repEv":""},"Massachusetts":{"totalVotes":"2,556,786","demVotes":"1,571,763","demPer":"61.5","demEv":"12","repVotes":"718,107","repPer":"28.1","repEv":""},"Michigan":{"totalVotes":"3,848,844","demVotes":"1,989,653","demPer":"51.7","demEv":"18","repVotes":"1,481,212","repPer":"38.5","repEv":""},"Minnesota":{"totalVotes":"2,192,640","demVotes":"1,120,438","demPer":"51.1","demEv":"10","repVotes":"766,476","repPer":"35","repEv":""},"Mississippi":{"totalVotes":"893,857","demVotes":"394,022","demPer":"44.1","demEv":"","repVotes":"439,838","repPer":"49.2","repEv":"7"},"Missouri":{"totalVotes":"2,158,065","demVotes":"1,025,935","demPer":"47.5","demEv":"11","repVotes":"890,016","repPer":"41.2","repEv":""},"Montana":{"totalVotes":"407,261","demVotes":"167,922","demPer":"41.3","demEv":"","repVotes":"179,652","repPer":"44.1","repEv":"3"},"Nebraska":{"totalVotes":"677,415","demVotes":"236,761","demPer":"35","demEv":"","repVotes":"363,467","repPer":"53.7","repEv":"5"},"Nevada":{"totalVotes":"464,279","demVotes":"203,974","demPer":"43.9","demEv":"4","repVotes":"199,244","repPer":"42.9","repEv":""},"New Hampshire":{"totalVotes":"499,175","demVotes":"246,214","demPer":"49.3","demEv":"4","repVotes":"196,532","repPer":"39.4","repEv":""},"New Jersey":{"totalVotes":"3,075,807","demVotes":"1,652,329","demPer":"53.7","demEv":"15","repVotes":"1,103,078","repPer":"35.9","repEv":""},"New Mexico":{"totalVotes":"556,074","demVotes":"273,495","demPer":"49.2","demEv":"5","repVotes":"232,751","repPer":"41.9","repEv":""},"New York":{"totalVotes":"6,316,129","demVotes":"3,756,177","demPer":"59.5","demEv":"33","repVotes":"1,933,492","repPer":"30.6","repEv":""},"North Carolina":{"totalVotes":"2,515,807","demVotes":"1,107,849","demPer":"44","demEv":"","repVotes":"1,225,938","repPer":"48.7","repEv":"14"},"North Dakota":{"totalVotes":"266,411","demVotes":"106,905","demPer":"40.1","demEv":"","repVotes":"125,050","repPer":"46.9","repEv":"3"},"Ohio":{"totalVotes":"4,534,434","demVotes":"2,148,222","demPer":"47.4","demEv":"21","repVotes":"1,859,883","repPer":"41","repEv":""},"Oklahoma":{"totalVotes":"1,206,713","demVotes":"488,105","demPer":"40.4","demEv":"","repVotes":"582,315","repPer":"48.3","repEv":"8"},"Oregon":{"totalVotes":"1,377,760","demVotes":"649,641","demPer":"47.2","demEv":"7","repVotes":"538,152","repPer":"39.1","repEv":""},"Pennsylvania":{"totalVotes":"4,506,118","demVotes":"2,215,819","demPer":"49.2","demEv":"23","repVotes":"1,801,169","repPer":"40","repEv":""},"Rhode Island":{"totalVotes":"390,284","demVotes":"233,050","demPer":"59.7","demEv":"4","repVotes":"104,683","repPer":"26.8","repEv":""},"South Carolina":{"totalVotes":"1,151,689","demVotes":"506,283","demPer":"44","demEv":"","repVotes":"573,458","repPer":"49.8","repEv":"8"},"South Dakota":{"totalVotes":"323,826","demVotes":"139,333","demPer":"43","demEv":"","repVotes":"150,543","repPer":"46.5","repEv":"3"},"Tennessee":{"totalVotes":"1,894,105","demVotes":"909,146","demPer":"48","demEv":"11","repVotes":"863,530","repPer":"45.6","repEv":""},"Texas":{"totalVotes":"5,611,644","demVotes":"2,459,683","demPer":"43.8","demEv":"","repVotes":"2,736,167","repPer":"48.8","repEv":"32"},"Utah":{"totalVotes":"665,629","demVotes":"221,633","demPer":"33.3","demEv":"","repVotes":"361,911","repPer":"54.4","repEv":"5"},"Vermont":{"totalVotes":"258,449","demVotes":"137,894","demPer":"53.4","demEv":"3","repVotes":"80,352","repPer":"31.1","repEv":""},"Virginia":{"totalVotes":"2,416,642","demVotes":"1,091,060","demPer":"45.1","demEv":"","repVotes":"1,138,350","repPer":"47.1","repEv":"13"},"Washington":{"totalVotes":"2,253,837","demVotes":"1,123,323","demPer":"49.8","demEv":"11","repVotes":"840,712","repPer":"37.3","repEv":""},"West Virginia":{"totalVotes":"636,459","demVotes":"327,812","demPer":"51.5","demEv":"5","repVotes":"233,946","repPer":"36.8","repEv":""},"Wisconsin":{"totalVotes":"2,196,169","demVotes":"1,071,971","demPer":"48.8","demEv":"11","repVotes":"845,029","repPer":"38.5","repEv":""},"Wyoming":{"totalVotes":"211,571","demVotes":"77,934","demPer":"36.8","demEv":"","repVotes":"105,388","repPer":"49.8","repEv":"3"},"demTotalVotes":"47,402,357","demTotalEv":"379","demTotalPer":"49.2","repTotalVotes":"39,198,755","repTotalEv":"159","repTotalPer":"40.7","totalVotes":"96,277,223"},"2000":{"demCandidate":"Albert Gore, Jr.","repCandidate":"George W. Bush","Alabama":{"totalVotes":"1,666,272","demVotes":"692,611","demPer":"41.6","demEv":"","repVotes":"941,173","repPer":"56.5","repEv":"9"},"Alaska":{"totalVotes":"285,560","demVotes":"79,004","demPer":"27.7","demEv":"","repVotes":"167,398","repPer":"58.6","repEv":"3"},"Arizona":{"totalVotes":"1,532,016","demVotes":"685,341","demPer":"44.7","demEv":"","repVotes":"781,652","repPer":"51","repEv":"8"},"Arkansas":{"totalVotes":"921,781","demVotes":"422,768","demPer":"45.9","demEv":"","repVotes":"472,940","repPer":"51.3","repEv":"6"},"California":{"totalVotes":"10,965,856","demVotes":"5,861,203","demPer":"53.4","demEv":"54","repVotes":"4,567,429","repPer":"41.7","repEv":""},"Colorado":{"totalVotes":"1,741,368","demVotes":"738,227","demPer":"42.4","demEv":"","repVotes":"883,748","repPer":"50.8","repEv":"8"},"Connecticut":{"totalVotes":"1,459,525","demVotes":"816,015","demPer":"55.9","demEv":"8","repVotes":"561,094","repPer":"38.4","repEv":""},"Delaware":{"totalVotes":"327,622","demVotes":"180,068","demPer":"55","demEv":"3","repVotes":"137,288","repPer":"41.9","repEv":""},"Dist. of Col.*":{"totalVotes":"201,894","demVotes":"171,923","demPer":"85.2","demEv":"2*","repVotes":"18,073","repPer":"9","repEv":""},"Florida":{"totalVotes":"5,963,110","demVotes":"2,912,253","demPer":"48.8","demEv":"","repVotes":"2,912,790","repPer":"48.8","repEv":"25"},"Georgia":{"totalVotes":"2,596,645","demVotes":"1,116,230","demPer":"43","demEv":"","repVotes":"1,419,720","repPer":"54.7","repEv":"13"},"Hawaii":{"totalVotes":"367,951","demVotes":"205,286","demPer":"55.8","demEv":"4","repVotes":"137,845","repPer":"37.5","repEv":""},"Idaho":{"totalVotes":"501,621","demVotes":"138,637","demPer":"27.6","demEv":"","repVotes":"336,937","repPer":"67.2","repEv":"4"},"Illinois":{"totalVotes":"4,742,123","demVotes":"2,589,026","demPer":"54.6","demEv":"22","repVotes":"2,019,421","repPer":"42.6","repEv":""},"Indiana":{"totalVotes":"2,199,302","demVotes":"901,980","demPer":"41","demEv":"","repVotes":"1,245,836","repPer":"56.6","repEv":"12"},"Iowa":{"totalVotes":"1,315,563","demVotes":"638,517","demPer":"48.5","demEv":"7","repVotes":"634,373","repPer":"48.2","repEv":""},"Kansas":{"totalVotes":"1,072,218","demVotes":"399,276","demPer":"37.2","demEv":"","repVotes":"622,332","repPer":"58","repEv":"6"},"Kentucky":{"totalVotes":"1,544,187","demVotes":"638,898","demPer":"41.4","demEv":"","repVotes":"872,492","repPer":"56.5","repEv":"8"},"Louisiana":{"totalVotes":"1,765,656","demVotes":"792,344","demPer":"44.9","demEv":"","repVotes":"927,871","repPer":"52.6","repEv":"9"},"Maine":{"totalVotes":"651,817","demVotes":"319,951","demPer":"49.1","demEv":"4","repVotes":"286,616","repPer":"44","repEv":""},"Maryland":{"totalVotes":"2,020,480","demVotes":"1,140,782","demPer":"56.5","demEv":"10","repVotes":"813,797","repPer":"40.3","repEv":""},"Massachusetts":{"totalVotes":"2,702,984","demVotes":"1,616,487","demPer":"59.8","demEv":"12","repVotes":"878,502","repPer":"32.5","repEv":""},"Michigan":{"totalVotes":"4,232,711","demVotes":"2,170,418","demPer":"51.3","demEv":"18","repVotes":"1,953,139","repPer":"46.1","repEv":""},"Minnesota":{"totalVotes":"2,438,685","demVotes":"1,168,266","demPer":"47.9","demEv":"10","repVotes":"1,109,659","repPer":"45.5","repEv":""},"Mississippi":{"totalVotes":"994,184","demVotes":"404,614","demPer":"40.7","demEv":"","repVotes":"572,844","repPer":"57.6","repEv":"7"},"Missouri":{"totalVotes":"2,359,892","demVotes":"1,111,138","demPer":"47.1","demEv":"","repVotes":"1,189,924","repPer":"50.4","repEv":"11"},"Montana":{"totalVotes":"410,997","demVotes":"137,126","demPer":"33.4","demEv":"","repVotes":"240,178","repPer":"58.4","repEv":"3"},"Nebraska":{"totalVotes":"697,019","demVotes":"231,780","demPer":"33.3","demEv":"","repVotes":"433,862","repPer":"62.2","repEv":"5"},"Nevada":{"totalVotes":"608,970","demVotes":"279,978","demPer":"46","demEv":"","repVotes":"301,575","repPer":"49.5","repEv":"4"},"New Hampshire":{"totalVotes":"569,081","demVotes":"266,348","demPer":"46.8","demEv":"","repVotes":"273,559","repPer":"48.1","repEv":"4"},"New Jersey":{"totalVotes":"3,187,226","demVotes":"1,788,850","demPer":"56.1","demEv":"15","repVotes":"1,284,173","repPer":"40.3","repEv":""},"New Mexico":{"totalVotes":"598,605","demVotes":"286,783","demPer":"47.9","demEv":"5","repVotes":"286,417","repPer":"47.8","repEv":""},"New York":{"totalVotes":"6,821,999","demVotes":"4,107,697","demPer":"60.2","demEv":"33","repVotes":"2,403,374","repPer":"35.2","repEv":""},"North Carolina":{"totalVotes":"2,911,262","demVotes":"1,257,692","demPer":"43.2","demEv":"","repVotes":"1,631,163","repPer":"56","repEv":"14"},"North Dakota":{"totalVotes":"288,256","demVotes":"95,284","demPer":"33.1","demEv":"","repVotes":"174,852","repPer":"60.7","repEv":"3"},"Ohio":{"totalVotes":"4,701,998","demVotes":"2,183,628","demPer":"46.4","demEv":"","repVotes":"2,350,363","repPer":"50","repEv":"21"},"Oklahoma":{"totalVotes":"1,234,229","demVotes":"474,276","demPer":"38.4","demEv":"","repVotes":"744,337","repPer":"60.3","repEv":"8"},"Oregon":{"totalVotes":"1,533,968","demVotes":"720,342","demPer":"47","demEv":"7","repVotes":"713,577","repPer":"46.5","repEv":""},"Pennsylvania":{"totalVotes":"4,913,119","demVotes":"2,485,967","demPer":"50.6","demEv":"23","repVotes":"2,281,127","repPer":"46.4","repEv":""},"Rhode Island":{"totalVotes":"409,047","demVotes":"249,508","demPer":"61","demEv":"4","repVotes":"130,555","repPer":"31.9","repEv":""},"South Carolina":{"totalVotes":"1,382,717","demVotes":"565,561","demPer":"40.9","demEv":"","repVotes":"785,937","repPer":"56.8","repEv":"8"},"South Dakota":{"totalVotes":"316,269","demVotes":"118,804","demPer":"37.6","demEv":"","repVotes":"190,700","repPer":"60.3","repEv":"3"},"Tennessee":{"totalVotes":"2,076,181","demVotes":"981,720","demPer":"47.3","demEv":"","repVotes":"1,061,949","repPer":"51.1","repEv":"11"},"Texas":{"totalVotes":"6,407,637","demVotes":"2,433,746","demPer":"38","demEv":"","repVotes":"3,799,639","repPer":"59.3","repEv":"32"},"Utah":{"totalVotes":"770,754","demVotes":"203,053","demPer":"26.3","demEv":"","repVotes":"515,096","repPer":"66.8","repEv":"5"},"Vermont":{"totalVotes":"294,308","demVotes":"149,022","demPer":"50.6","demEv":"3","repVotes":"119,775","repPer":"40.7","repEv":""},"Virginia":{"totalVotes":"2,739,447","demVotes":"1,217,290","demPer":"44.4","demEv":"","repVotes":"1,437,490","repPer":"52.5","repEv":"13"},"Washington":{"totalVotes":"2,487,433","demVotes":"1,247,652","demPer":"50.2","demEv":"11","repVotes":"1,108,864","repPer":"44.6","repEv":""},"West Virginia":{"totalVotes":"648,124","demVotes":"295,497","demPer":"45.6","demEv":"","repVotes":"336,475","repPer":"51.9","repEv":"5"},"Wisconsin":{"totalVotes":"2,598,607","demVotes":"1,242,987","demPer":"47.8","demEv":"11","repVotes":"1,237,279","repPer":"47.6","repEv":""},"Wyoming":{"totalVotes":"218,351","demVotes":"60,481","demPer":"27.7","demEv":"","repVotes":"147,947","repPer":"67.8","repEv":"3"},"demTotalVotes":"50,992,335","demTotalEv":"266","demTotalPer":"48.4","repTotalVotes":"50,455,156","repTotalEv":"271","repTotalPer":"47.9","totalVotes":"105,396,627"},"2004":{"demCandidate":"John Kerry","repCandidate":"George W. Bush","Alabama":{"totalVotes":"1,883,449","demVotes":"693,933","demPer":"36.8","demEv":"","repVotes":"1,176,394","repPer":"62.5","repEv":"9"},"Alaska":{"totalVotes":"312,598","demVotes":"111,025","demPer":"35.5","demEv":"","repVotes":"190,889","repPer":"61.1","repEv":"3"},"Arizona":{"totalVotes":"2,012,585","demVotes":"893,524","demPer":"44.4","demEv":"","repVotes":"1,104,294","repPer":"54.9","repEv":"10"},"Arkansas":{"totalVotes":"1,054,945","demVotes":"469,953","demPer":"44.5","demEv":"","repVotes":"572,898","repPer":"54.3","repEv":"6"},"California":{"totalVotes":"12,421,852","demVotes":"6,745,485","demPer":"54.3","demEv":"55","repVotes":"5,509,826","repPer":"44.4","repEv":""},"Colorado":{"totalVotes":"2,130,330","demVotes":"1,001,732","demPer":"47","demEv":"","repVotes":"1,101,255","repPer":"51.7","repEv":"9"},"Connecticut":{"totalVotes":"1,578,769","demVotes":"857,488","demPer":"54.3","demEv":"7","repVotes":"693,826","repPer":"43.9","repEv":""},"Delaware":{"totalVotes":"375,190","demVotes":"200,152","demPer":"53.3","demEv":"3","repVotes":"171,660","repPer":"45.8","repEv":""},"Dist. of Col.":{"totalVotes":"227,586","demVotes":"202,970","demPer":"89.2","demEv":"3","repVotes":"21,256","repPer":"9.3","repEv":""},"Florida":{"totalVotes":"7,609,810","demVotes":"3,583,544","demPer":"47.1","demEv":"","repVotes":"3,964,522","repPer":"52.1","repEv":"27"},"Georgia":{"totalVotes":"3,301,875","demVotes":"1,366,149","demPer":"41.4","demEv":"","repVotes":"1,914,254","repPer":"58","repEv":"15"},"Hawaii":{"totalVotes":"429,013","demVotes":"231,708","demPer":"54","demEv":"4","repVotes":"194,191","repPer":"45.3","repEv":""},"Idaho":{"totalVotes":"598,447","demVotes":"181,098","demPer":"30.3","demEv":"","repVotes":"409,235","repPer":"68.4","repEv":"4"},"Illinois":{"totalVotes":"5,274,322","demVotes":"2,891,550","demPer":"54.8","demEv":"21","repVotes":"2,345,946","repPer":"44.5","repEv":""},"Indiana":{"totalVotes":"2,468,002","demVotes":"969,011","demPer":"39.3","demEv":"","repVotes":"1,479,438","repPer":"59.9","repEv":"11"},"Iowa":{"totalVotes":"1,506,908","demVotes":"741,898","demPer":"49.2","demEv":"","repVotes":"751,957","repPer":"49.9","repEv":"7"},"Kansas":{"totalVotes":"1,187,756","demVotes":"434,993","demPer":"36.6","demEv":"","repVotes":"736,456","repPer":"62","repEv":"6"},"Kentucky":{"totalVotes":"1,795,882","demVotes":"712,733","demPer":"39.7","demEv":"","repVotes":"1,069,439","repPer":"59.5","repEv":"8"},"Louisiana":{"totalVotes":"1,943,106","demVotes":"820,299","demPer":"42.2","demEv":"","repVotes":"1,102,169","repPer":"56.7","repEv":"9"},"Maine":{"totalVotes":"740,752","demVotes":"396,842","demPer":"53.6","demEv":"4","repVotes":"330,201","repPer":"44.6","repEv":""},"Maryland":{"totalVotes":"2,386,678","demVotes":"1,334,493","demPer":"55.9","demEv":"10","repVotes":"1,024,703","repPer":"42.9","repEv":""},"Massachusetts":{"totalVotes":"2,912,388","demVotes":"1,803,800","demPer":"61.9","demEv":"12","repVotes":"1,071,109","repPer":"36.8","repEv":""},"Michigan":{"totalVotes":"4,839,252","demVotes":"2,479,183","demPer":"51.2","demEv":"17","repVotes":"2,313,746","repPer":"47.8","repEv":""},"Minnesota*":{"totalVotes":"2,828,387","demVotes":"1,445,014","demPer":"51.1","demEv":"9*","repVotes":"1,346,695","repPer":"47.6","repEv":""},"Mississippi":{"totalVotes":"1,152,145","demVotes":"458,094","demPer":"39.8","demEv":"","repVotes":"684,981","repPer":"59.5","repEv":"6"},"Missouri":{"totalVotes":"2,731,364","demVotes":"1,259,171","demPer":"46.1","demEv":"","repVotes":"1,455,713","repPer":"53.3","repEv":"11"},"Montana":{"totalVotes":"450,445","demVotes":"173,710","demPer":"38.6","demEv":"","repVotes":"266,063","repPer":"59.1","repEv":"3"},"Nebraska":{"totalVotes":"778,186","demVotes":"254,328","demPer":"32.7","demEv":"","repVotes":"512,814","repPer":"65.9","repEv":"5"},"Nevada":{"totalVotes":"829,587","demVotes":"397,190","demPer":"47.9","demEv":"","repVotes":"418,690","repPer":"50.5","repEv":"5"},"New Hampshire":{"totalVotes":"677,738","demVotes":"340,511","demPer":"50.2","demEv":"4","repVotes":"331,237","repPer":"48.9","repEv":""},"New Jersey":{"totalVotes":"3,611,691","demVotes":"1,911,430","demPer":"52.9","demEv":"15","repVotes":"1,670,003","repPer":"46.2","repEv":""},"New Mexico":{"totalVotes":"756,304","demVotes":"370,942","demPer":"49","demEv":"","repVotes":"376,930","repPer":"49.8","repEv":"5"},"New York":{"totalVotes":"7,391,036","demVotes":"4,314,280","demPer":"58.4","demEv":"31","repVotes":"2,962,567","repPer":"40.1","repEv":""},"North Carolina":{"totalVotes":"3,501,007","demVotes":"1,525,849","demPer":"43.6","demEv":"","repVotes":"1,961,166","repPer":"56","repEv":"15"},"North Dakota":{"totalVotes":"312,833","demVotes":"111,052","demPer":"35.5","demEv":"","repVotes":"196,651","repPer":"62.9","repEv":"3"},"Ohio":{"totalVotes":"5,627,908","demVotes":"2,741,167","demPer":"48.7","demEv":"","repVotes":"2,859,768","repPer":"50.8","repEv":"20"},"Oklahoma":{"totalVotes":"1,463,758","demVotes":"503,966","demPer":"34.4","demEv":"","repVotes":"959,792","repPer":"65.6","repEv":"7"},"Oregon":{"totalVotes":"1,836,782","demVotes":"943,163","demPer":"51.3","demEv":"7","repVotes":"866,831","repPer":"47.2","repEv":""},"Pennsylvania":{"totalVotes":"5,769,590","demVotes":"2,938,095","demPer":"50.9","demEv":"21","repVotes":"2,793,847","repPer":"48.4","repEv":""},"Rhode Island":{"totalVotes":"437,134","demVotes":"259,765","demPer":"59.4","demEv":"4","repVotes":"169,046","repPer":"38.7","repEv":""},"South Carolina":{"totalVotes":"1,617,730","demVotes":"661,699","demPer":"40.9","demEv":"","repVotes":"937,974","repPer":"58","repEv":"8"},"South Dakota":{"totalVotes":"388,215","demVotes":"149,244","demPer":"38.4","demEv":"","repVotes":"232,584","repPer":"59.9","repEv":"3"},"Tennessee":{"totalVotes":"2,437,319","demVotes":"1,036,477","demPer":"42.5","demEv":"","repVotes":"1,384,375","repPer":"56.8","repEv":"11"},"Texas":{"totalVotes":"7,410,765","demVotes":"2,832,704","demPer":"38.2","demEv":"","repVotes":"4,526,917","repPer":"61.1","repEv":"34"},"Utah":{"totalVotes":"927,844","demVotes":"241,199","demPer":"26","demEv":"","repVotes":"663,742","repPer":"71.5","repEv":"5"},"Vermont":{"totalVotes":"312,309","demVotes":"184,067","demPer":"58.9","demEv":"3","repVotes":"121,180","repPer":"38.8","repEv":""},"Virginia":{"totalVotes":"3,198,367","demVotes":"1,454,742","demPer":"45.5","demEv":"","repVotes":"1,716,959","repPer":"53.7","repEv":"13"},"Washington":{"totalVotes":"2,859,084","demVotes":"1,510,201","demPer":"52.8","demEv":"11","repVotes":"1,304,894","repPer":"45.6","repEv":""},"West Virginia":{"totalVotes":"755,887","demVotes":"326,541","demPer":"43.2","demEv":"","repVotes":"423,778","repPer":"56.1","repEv":"5"},"Wisconsin":{"totalVotes":"2,997,007","demVotes":"1,489,504","demPer":"49.7","demEv":"10","repVotes":"1,478,120","repPer":"49.3","repEv":""},"Wyoming":{"totalVotes":"243,428","demVotes":"70,776","demPer":"29.1","demEv":"","repVotes":"167,629","repPer":"68.9","repEv":"3"},"demTotalVotes":"59,028,444","demTotalEv":"251","demTotalPer":"48.3","repTotalVotes":"62,040,610","repTotalEv":"286","repTotalPer":"50.7","totalVotes":"122,295,345"},"2008":{"demCandidate":"Barack Obama","repCandidate":"John McCain","Alabama":{"totalVotes":"2,099,819","demVotes":"813,479","demPer":"38.70%","demEv":"","repVotes":"1,266,546","repPer":"60.30%","repEv":"9"},"Alaska":{"totalVotes":"326,197","demVotes":"123,594","demPer":"37.90%","demEv":"","repVotes":"193,841","repPer":"59.40%","repEv":"3"},"Arizona":{"totalVotes":"2,293,475","demVotes":"1,034,707","demPer":"45.10%","demEv":"","repVotes":"1,230,111","repPer":"53.60%","repEv":"10"},"Arkansas":{"totalVotes":"1,086,617","demVotes":"422,310","demPer":"38.90%","demEv":"","repVotes":"638,017","repPer":"58.70%","repEv":"6"},"California":{"totalVotes":"13,561,900","demVotes":"8,274,473","demPer":"61.00%","demEv":"55","repVotes":"5,011,781","repPer":"37.00%","repEv":""},"Colorado":{"totalVotes":"2,401,361","demVotes":"1,288,576","demPer":"53.70%","demEv":"9","repVotes":"1,073,589","repPer":"44.70%","repEv":""},"Connecticut":{"totalVotes":"1,646,792","demVotes":"997,772","demPer":"60.60%","demEv":"7","repVotes":"629,428","repPer":"38.20%","repEv":""},"Delaware":{"totalVotes":"412,412","demVotes":"255,459","demPer":"61.90%","demEv":"3","repVotes":"152,374","repPer":"36.90%","repEv":""},"Dist. of Col.":{"totalVotes":"265,853","demVotes":"245,800","demPer":"92.50%","demEv":"3","repVotes":"17,367","repPer":"6.50%","repEv":""},"Florida":{"totalVotes":"8,390,744","demVotes":"4,282,074","demPer":"51.00%","demEv":"27","repVotes":"4,045,624","repPer":"48.20%","repEv":""},"Georgia":{"totalVotes":"3,924,440","demVotes":"1,844,137","demPer":"47.00%","demEv":"","repVotes":"2,048,744","repPer":"52.20%","repEv":"15"},"Hawaii":{"totalVotes":"453,568","demVotes":"325,871","demPer":"71.80%","demEv":"4","repVotes":"120,566","repPer":"26.60%","repEv":""},"Idaho":{"totalVotes":"655,032","demVotes":"236,440","demPer":"36.10%","demEv":"","repVotes":"403,012","repPer":"61.50%","repEv":"4"},"Illinois":{"totalVotes":"5,523,051","demVotes":"3,419,673","demPer":"61.90%","demEv":"21","repVotes":"2,031,527","repPer":"36.80%","repEv":""},"Indiana":{"totalVotes":"2,751,054","demVotes":"1,374,039","demPer":"49.90%","demEv":"11","repVotes":"1,345,648","repPer":"48.90%","repEv":""},"Iowa":{"totalVotes":"1,543,662","demVotes":"828,940","demPer":"53.70%","demEv":"7","repVotes":"682,379","repPer":"44.20%","repEv":""},"Kansas":{"totalVotes":"1,235,872","demVotes":"514,765","demPer":"41.70%","demEv":"","repVotes":"699,655","repPer":"56.60%","repEv":"6"},"Kentucky":{"totalVotes":"1,826,508","demVotes":"751,985","demPer":"41.20%","demEv":"","repVotes":"1,048,462","repPer":"57.40%","repEv":"8"},"Louisiana":{"totalVotes":"1,960,761","demVotes":"782,989","demPer":"39.90%","demEv":"","repVotes":"1,148,275","repPer":"58.60%","repEv":"9"},"Maine":{"totalVotes":"731,163","demVotes":"421,923","demPer":"57.70%","demEv":"4","repVotes":"295,273","repPer":"40.40%","repEv":""},"Maryland":{"totalVotes":"2,631,596","demVotes":"1,629,467","demPer":"61.90%","demEv":"10","repVotes":"959,862","repPer":"36.50%","repEv":""},"Massachusetts":{"totalVotes":"3,080,985","demVotes":"1,904,097","demPer":"61.80%","demEv":"12","repVotes":"1,108,854","repPer":"36.00%","repEv":""},"Michigan":{"totalVotes":"5,001,766","demVotes":"2,872,579","demPer":"57.40%","demEv":"17","repVotes":"2,048,639","repPer":"41.00%","repEv":""},"Minnesota":{"totalVotes":"2,910,369","demVotes":"1,573,354","demPer":"54.10%","demEv":"10","repVotes":"1,275,409","repPer":"43.80%","repEv":""},"Mississippi":{"totalVotes":"1,289,865","demVotes":"554,662","demPer":"43.00%","demEv":"","repVotes":"724,597","repPer":"56.20%","repEv":"6"},"Missouri":{"totalVotes":"2,925,205","demVotes":"1,441,911","demPer":"49.30%","demEv":"","repVotes":"1,445,814","repPer":"49.40%","repEv":"11"},"Montana":{"totalVotes":"490,109","demVotes":"231,667","demPer":"47.30%","demEv":"","repVotes":"242,763","repPer":"49.50%","repEv":"3"},"Nebraska":{"totalVotes":"801,281","demVotes":"333,319","demPer":"41.60%","demEv":"1*","repVotes":"452,979","repPer":"56.50%","repEv":"4*"},"Nevada":{"totalVotes":"967,848","demVotes":"533,736","demPer":"55.10%","demEv":"5","repVotes":"412,827","repPer":"42.70%","repEv":""},"New Hampshire":{"totalVotes":"707,611","demVotes":"384,826","demPer":"54.40%","demEv":"4","repVotes":"316,534","repPer":"44.70%","repEv":""},"New Jersey":{"totalVotes":"3,868,237","demVotes":"2,215,422","demPer":"57.30%","demEv":"15","repVotes":"1,613,207","repPer":"41.70%","repEv":""},"New Mexico":{"totalVotes":"830,158","demVotes":"472,422","demPer":"56.90%","demEv":"5","repVotes":"346,832","repPer":"41.80%","repEv":""},"New York":{"totalVotes":"7,591,233","demVotes":"4,769,700","demPer":"62.80%","demEv":"31","repVotes":"2,742,298","repPer":"36.10%","repEv":""},"North Carolina":{"totalVotes":"4,310,789","demVotes":"2,142,651","demPer":"49.70%","demEv":"15","repVotes":"2,128,474","repPer":"49.40%","repEv":""},"North Dakota":{"totalVotes":"316,621","demVotes":"141,278","demPer":"44.60%","demEv":"","repVotes":"168,601","repPer":"53.30%","repEv":"3"},"Ohio":{"totalVotes":"5,698,260","demVotes":"2,933,388","demPer":"51.50%","demEv":"20","repVotes":"2,674,491","repPer":"46.90%","repEv":""},"Oklahoma":{"totalVotes":"1,462,661","demVotes":"502,496","demPer":"34.40%","demEv":"","repVotes":"960,165","repPer":"65.60%","repEv":"7"},"Oregon":{"totalVotes":"1,827,864","demVotes":"1,037,291","demPer":"56.70%","demEv":"7","repVotes":"738,475","repPer":"40.40%","repEv":""},"Pennsylvania":{"totalVotes":"6,034,745","demVotes":"3,276,363","demPer":"54.30%","demEv":"21","repVotes":"2,655,885","repPer":"44.00%","repEv":""},"Rhode Island":{"totalVotes":"469,767","demVotes":"296,571","demPer":"63.10%","demEv":"4","repVotes":"165,391","repPer":"35.20%","repEv":""},"South Carolina":{"totalVotes":"1,920,969","demVotes":"862,449","demPer":"44.90%","demEv":"","repVotes":"1,034,896","repPer":"53.90%","repEv":"8"},"South Dakota":{"totalVotes":"381,975","demVotes":"170,924","demPer":"44.70%","demEv":"","repVotes":"203,054","repPer":"53.20%","repEv":"3"},"Tennessee":{"totalVotes":"2,599,749","demVotes":"1,087,437","demPer":"41.80%","demEv":"","repVotes":"1,479,178","repPer":"56.90%","repEv":"11"},"Texas":{"totalVotes":"8,077,795","demVotes":"3,528,633","demPer":"43.70%","demEv":"","repVotes":"4,479,328","repPer":"55.50%","repEv":"34"},"Utah":{"totalVotes":"952,370","demVotes":"327,670","demPer":"34.40%","demEv":"","repVotes":"596,030","repPer":"62.60%","repEv":"5"},"Vermont":{"totalVotes":"325,046","demVotes":"219,262","demPer":"67.50%","demEv":"3","repVotes":"98,974","repPer":"30.40%","repEv":""},"Virginia":{"totalVotes":"3,723,260","demVotes":"1,959,532","demPer":"52.60%","demEv":"13","repVotes":"1,725,005","repPer":"46.30%","repEv":""},"Washington":{"totalVotes":"3,036,878","demVotes":"1,750,848","demPer":"57.70%","demEv":"11","repVotes":"1,229,216","repPer":"40.50%","repEv":""},"West Virginia":{"totalVotes":"713,362","demVotes":"303,857","demPer":"42.60%","demEv":"","repVotes":"397,466","repPer":"55.70%","repEv":"5"},"Wisconsin":{"totalVotes":"2,983,417","demVotes":"1,677,211","demPer":"56.20%","demEv":"10","repVotes":"1,262,393","repPer":"42.30%","repEv":""},"Wyoming":{"totalVotes":"256,035","demVotes":"82,868","demPer":"32.40%","demEv":"","repVotes":"164,958","repPer":"64.40%","repEv":"3"},"demTotalVotes":"69,456,897","demTotalEv":"365","demTotalPer":"52.90%","repTotalVotes":"59,934,814","repTotalEv":"173","repTotalPer":"45.70%","totalVotes":"131,278,107"},"2012":{"demCandidate":"Barack Obama","repCandidate":"Mitt Romney","Alabama":{"totalVotes":"2,074,338","demVotes":"795,696","demPer":"38.40%","demEv":"","repVotes":"1,255,925","repPer":"60.50%","repEv":"9"},"Alaska":{"totalVotes":"300,495","demVotes":"122,640","demPer":"40.80%","demEv":"","repVotes":"164,676","repPer":"54.80%","repEv":"3"},"Arizona":{"totalVotes":"2,299,254","demVotes":"1,025,232","demPer":"44.60%","demEv":"","repVotes":"1,233,654","repPer":"53.70%","repEv":"11"},"Arkansas":{"totalVotes":"1,069,468","demVotes":"394,409","demPer":"36.90%","demEv":"","repVotes":"647,744","repPer":"60.60%","repEv":"6"},"California":{"totalVotes":"13,038,547","demVotes":"7,854,285","demPer":"60.20%","demEv":"55","repVotes":"4,839,958","repPer":"37.10%","repEv":""},"Colorado":{"totalVotes":"2,569,520","demVotes":"1,323,101","demPer":"51.50%","demEv":"9","repVotes":"1,185,243","repPer":"46.10%","repEv":""},"Connecticut":{"totalVotes":"1,558,960","demVotes":"905,083","demPer":"58.10%","demEv":"7","repVotes":"634,892","repPer":"40.70%","repEv":""},"Delaware":{"totalVotes":"413,921","demVotes":"242,584","demPer":"58.60%","demEv":"3","repVotes":"165,484","repPer":"40.00%","repEv":""},"Dist. of Col.":{"totalVotes":"293,764","demVotes":"267,070","demPer":"90.90%","demEv":"3","repVotes":"21,381","repPer":"7.30%","repEv":""},"Florida":{"totalVotes":"8,474,179","demVotes":"4,237,756","demPer":"50.00%","demEv":"29","repVotes":"4,163,447","repPer":"49.10%","repEv":""},"Georgia":{"totalVotes":"3,900,050","demVotes":"1,773,827","demPer":"45.50%","demEv":"","repVotes":"2,078,688","repPer":"53.30%","repEv":"16"},"Hawaii":{"totalVotes":"434,697","demVotes":"306,658","demPer":"70.50%","demEv":"4","repVotes":"121,015","repPer":"27.80%","repEv":""},"Idaho":{"totalVotes":"652,274","demVotes":"212,787","demPer":"32.60%","demEv":"","repVotes":"420,911","repPer":"64.50%","repEv":"4"},"Illinois":{"totalVotes":"5,242,014","demVotes":"3,019,512","demPer":"57.60%","demEv":"20","repVotes":"2,135,216","repPer":"40.70%","repEv":""},"Indiana":{"totalVotes":"2,624,534","demVotes":"1,152,887","demPer":"43.90%","demEv":"","repVotes":"1,420,543","repPer":"54.10%","repEv":"11"},"Iowa":{"totalVotes":"1,582,180","demVotes":"822,544","demPer":"52.00%","demEv":"6","repVotes":"730,617","repPer":"46.20%","repEv":""},"Kansas":{"totalVotes":"1,159,971","demVotes":"440,726","demPer":"38.00%","demEv":"","repVotes":"692,634","repPer":"59.70%","repEv":"6"},"Kentucky":{"totalVotes":"1,797,212","demVotes":"679,370","demPer":"37.80%","demEv":"","repVotes":"1,087,190","repPer":"60.50%","repEv":"8"},"Louisiana":{"totalVotes":"1,994,065","demVotes":"809,141","demPer":"40.60%","demEv":"","repVotes":"1,152,262","repPer":"57.80%","repEv":"8"},"Maine":{"totalVotes":"713,180","demVotes":"401,306","demPer":"56.30%","demEv":"4","repVotes":"292,276","repPer":"41.00%","repEv":""},"Maryland":{"totalVotes":"2,707,327","demVotes":"1,677,844","demPer":"62.00%","demEv":"10","repVotes":"971,869","repPer":"35.90%","repEv":""},"Massachusetts":{"totalVotes":"3,167,767","demVotes":"1,921,290","demPer":"60.70%","demEv":"11","repVotes":"1,188,314","repPer":"37.50%","repEv":""},"Michigan":{"totalVotes":"4,730,961","demVotes":"2,564,569","demPer":"54.20%","demEv":"16","repVotes":"2,115,256","repPer":"44.70%","repEv":""},"Minnesota":{"totalVotes":"2,936,561","demVotes":"1,546,167","demPer":"52.70%","demEv":"10","repVotes":"1,320,225","repPer":"45.00%","repEv":""},"Mississippi":{"totalVotes":"1,285,584","demVotes":"562,949","demPer":"43.80%","demEv":"","repVotes":"710,746","repPer":"55.30%","repEv":"6"},"Missouri":{"totalVotes":"2,757,323","demVotes":"1,223,796","demPer":"44.40%","demEv":"","repVotes":"1,482,440","repPer":"53.80%","repEv":"10"},"Montana":{"totalVotes":"484,048","demVotes":"201,839","demPer":"41.70%","demEv":"","repVotes":"267,928","repPer":"55.40%","repEv":"3"},"Nebraska":{"totalVotes":"794,379","demVotes":"302,081","demPer":"38.00%","demEv":"","repVotes":"475,064","repPer":"59.80%","repEv":"5"},"Nevada":{"totalVotes":"1,014,918","demVotes":"531,373","demPer":"52.40%","demEv":"6","repVotes":"463,567","repPer":"45.70%","repEv":""},"New Hampshire":{"totalVotes":"710,972","demVotes":"369,561","demPer":"52.00%","demEv":"4","repVotes":"329,918","repPer":"46.50%","repEv":""},"New Jersey":{"totalVotes":"3,638,499","demVotes":"2,122,786","demPer":"58.30%","demEv":"14","repVotes":"1,478,088","repPer":"40.60%","repEv":""},"New Mexico":{"totalVotes":"783,758","demVotes":"415,335","demPer":"53.00%","demEv":"5","repVotes":"335,788","repPer":"42.80%","repEv":""},"New York":{"totalVotes":"7,061,925","demVotes":"4,471,871","demPer":"63.40%","demEv":"29","repVotes":"2,485,432","repPer":"35.20%","repEv":""},"North Carolina":{"totalVotes":"4,505,372","demVotes":"2,178,391","demPer":"48.40%","demEv":"","repVotes":"2,270,395","repPer":"50.40%","repEv":"15"},"North Dakota":{"totalVotes":"322,932","demVotes":"124,966","demPer":"38.70%","demEv":"","repVotes":"188,320","repPer":"58.30%","repEv":"3"},"Ohio":{"totalVotes":"5,580,822","demVotes":"2,827,621","demPer":"50.70%","demEv":"18","repVotes":"2,661,407","repPer":"47.70%","repEv":""},"Oklahoma":{"totalVotes":"1,334,872","demVotes":"443,547","demPer":"33.20%","demEv":"","repVotes":"891,325","repPer":"66.80%","repEv":"7"},"Oregon":{"totalVotes":"1,789,270","demVotes":"970,488","demPer":"54.20%","demEv":"7","repVotes":"754,175","repPer":"42.10%","repEv":""},"Pennsylvania":{"totalVotes":"5,753,670","demVotes":"2,990,274","demPer":"52.10%","demEv":"20","repVotes":"2,680,434","repPer":"46.70%","repEv":""},"Rhode Island":{"totalVotes":"446,049","demVotes":"279,677","demPer":"62.70%","demEv":"4","repVotes":"157,204","repPer":"35.20%","repEv":""},"South Carolina":{"totalVotes":"1,964,118","demVotes":"865,941","demPer":"44.10%","demEv":"","repVotes":"1,071,645","repPer":"54.60%","repEv":"9"},"South Dakota":{"totalVotes":"363,815","demVotes":"145,039","demPer":"39.90%","demEv":"","repVotes":"210,610","repPer":"57.90%","repEv":"3"},"Tennessee":{"totalVotes":"2,458,577","demVotes":"960,709","demPer":"39.10%","demEv":"","repVotes":"1,462,330","repPer":"59.50%","repEv":"11"},"Texas":{"totalVotes":"7,993,851","demVotes":"3,308,124","demPer":"41.40%","demEv":"","repVotes":"4,569,843","repPer":"57.20%","repEv":"38"},"Utah":{"totalVotes":"1,017,440","demVotes":"251,813","demPer":"24.70%","demEv":"","repVotes":"740,600","repPer":"72.80%","repEv":"6"},"Vermont":{"totalVotes":"299,290","demVotes":"199,239","demPer":"66.60%","demEv":"3","repVotes":"92,698","repPer":"31.00%","repEv":""},"Virginia":{"totalVotes":"3,854,490","demVotes":"1,971,820","demPer":"51.20%","demEv":"13","repVotes":"1,822,522","repPer":"47.30%","repEv":""},"Washington":{"totalVotes":"3,125,516","demVotes":"1,755,396","demPer":"56.20%","demEv":"12","repVotes":"1,290,670","repPer":"41.30%","repEv":""},"West Virginia":{"totalVotes":"670,438","demVotes":"238,269","demPer":"35.50%","demEv":"","repVotes":"417,655","repPer":"62.30%","repEv":"5"},"Wisconsin":{"totalVotes":"3,071,434","demVotes":"1,620,985","demPer":"52.90%","demEv":"10","repVotes":"1,410,966","repPer":"46.00%","repEv":""},"Wyoming":{"totalVotes":"249,061","demVotes":"69,286","demPer":"27.80%","demEv":"","repVotes":"170,962","repPer":"68.60%","repEv":"3"},"demTotalVotes":"65,899,660","demTotalEv":"332","demTotalPer":"51.10%","repTotalVotes":"60,932,152","repTotalEv":"206","repTotalPer":"47.20%","totalVotes":"129,067,662"},"2016":{"demCandidate":"Hillary Clinton","repCandidate":"Donald Trump","Alabama":{"totalVotes":"2,075,387","demVotes":"718,084","demPer":"34.60%","demEv":"","repVotes":"1,306,925","repPer":"62.90%","repEv":"9"},"Alaska":{"totalVotes":"318,608","demVotes":"116,454","demPer":"36.60%","demEv":"","repVotes":"163,387","repPer":"51.30%","repEv":"3"},"Arizona":{"totalVotes":"2062225","demVotes":"936250","demPer":"45.4","demEv":"","repVotes":"1021154","repPer":"49.5","repEv":"11"},"Arkansas":{"totalVotes":"1,130,635","demVotes":"380,494","demPer":"33.70%","demEv":"","repVotes":"684,872","repPer":"60.60%","repEv":"6"},"California":{"totalVotes":"11952094.16","demVotes":"7,362,490","demPer":"61.60%","demEv":"55","repVotes":"3,916,209","repPer":"32.80%","repEv":""},"Colorado":{"totalVotes":"2559523.305","demVotes":"1,208,095","demPer":"47.20%","demEv":"9","repVotes":"1,136,354","repPer":"44.40%","repEv":""},"Connecticut":{"totalVotes":"1,644,920","demVotes":"897,572","demPer":"54.60%","demEv":"7","repVotes":"673,215","repPer":"40.90%","repEv":""},"Delaware":{"totalVotes":"441,590","demVotes":"235,603","demPer":"53.40%","demEv":"3","repVotes":"185,127","repPer":"41.90%","repEv":""},"Dist. of Col.":{"totalVotes":"312,575","demVotes":"282,830","demPer":"90.50%","demEv":"3","repVotes":"12,723","repPer":"4.10%","repEv":""},"Florida":{"totalVotes":"9,420,039","demVotes":"4,504,975","demPer":"47.80%","demEv":"","repVotes":"4,617,886","repPer":"49.00%","repEv":"29"},"Georgia":{"totalVotes":"4,092,373","demVotes":"1,877,963","demPer":"45.90%","demEv":"","repVotes":"2,089,104","repPer":"51.00%","repEv":"16"},"Hawaii":{"totalVotes":"437,664","demVotes":"266,891","demPer":"61.00%","demEv":"4","repVotes":"128,847","repPer":"29.40%","repEv":""},"Idaho":{"totalVotes":"687235.5072","demVotes":"189,677","demPer":"27.60%","demEv":"","repVotes":"407,199","repPer":"59.20%","repEv":"4"},"Illinois":{"totalVotes":"5374545.126","demVotes":"2,977,498","demPer":"55.40%","demEv":"20","repVotes":"2,118,179","repPer":"39.40%","repEv":""},"Indiana":{"totalVotes":"2722831.135","demVotes":"1,031,953","demPer":"37.90%","demEv":"","repVotes":"1,556,220","repPer":"57.20%","repEv":"11"},"Iowa":{"totalVotes":"1542156.398","demVotes":"650,790","demPer":"42.20%","demEv":"","repVotes":"798,923","repPer":"51.80%","repEv":"6"},"Kansas":{"totalVotes":"1145823.204","demVotes":"414,788","demPer":"36.20%","demEv":"","repVotes":"656,009","repPer":"57.20%","repEv":"6"},"Kentucky":{"totalVotes":"1,924,149","demVotes":"628,854","demPer":"32.70%","demEv":"","repVotes":"1,202,971","repPer":"62.50%","repEv":"8"},"Louisiana":{"totalVotes":"2,029,032","demVotes":"780,154","demPer":"38.40%","demEv":"","repVotes":"1,178,638","repPer":"58.10%","repEv":"8"},"Maine":{"totalVotes":"740862.2129","demVotes":"354,873","demPer":"47.90%","demEv":"3","repVotes":"334,838","repPer":"45.20%","repEv":"1"},"Maryland":{"totalVotes":"2475952.066","demVotes":"1,497,951","demPer":"60.50%","demEv":"10","repVotes":"873,646","repPer":"35.30%","repEv":""},"Massachusetts":{"totalVotes":"3,378,801","demVotes":"1,995,196","demPer":"59.10%","demEv":"11","repVotes":"1,090,893","repPer":"32.30%","repEv":""},"Michigan":{"totalVotes":"4,799,284","demVotes":"2,268,839","demPer":"47.30%","demEv":"","repVotes":"2,279,543","repPer":"47.50%","repEv":"16"},"Minnesota":{"totalVotes":"2914021.322","demVotes":"1,366,676","demPer":"46.90%","demEv":"10","repVotes":"1,322,891","repPer":"45.40%","repEv":""},"Mississippi":{"totalVotes":"1163730.479","demVotes":"462,001","demPer":"39.70%","demEv":"","repVotes":"678,457","repPer":"58.30%","repEv":"6"},"Missouri":{"totalVotes":"2776023.684","demVotes":"1,054,889","demPer":"38.00%","demEv":"","repVotes":"1,585,753","repPer":"57.10%","repEv":"10"},"Montana":{"totalVotes":"484780.5556","demVotes":"174,521","demPer":"36.00%","demEv":"","repVotes":"274,120","repPer":"56.50%","repEv":"3"},"Nebraska":{"totalVotes":"805464.7059","demVotes":"273,858","demPer":"34.00%","demEv":"","repVotes":"485,819","repPer":"60.30%","repEv":"3"},"Nevada":{"totalVotes":"1,125,385","demVotes":"539,260","demPer":"47.90%","demEv":"6","repVotes":"512,058","repPer":"45.50%","repEv":""},"New Hampshire":{"totalVotes":"732186.9748","demVotes":"348,521","demPer":"47.60%","demEv":"4","repVotes":"345,789","repPer":"47.20%","repEv":""},"New Jersey":{"totalVotes":"3675920","demVotes":"2,021,756","demPer":"55.00%","demEv":"14","repVotes":"1,535,513","repPer":"41.80%","repEv":""},"New Mexico":{"totalVotes":"798,318","demVotes":"385,234","demPer":"48.30%","demEv":"5","repVotes":"319,666","repPer":"40.00%","repEv":""},"New York":{"totalVotes":"7047404.762","demVotes":"4,143,874","demPer":"58.80%","demEv":"29","repVotes":"2,640,570","repPer":"37.50%","repEv":""},"North Carolina":{"totalVotes":"4629708.779","demVotes":"2,162,074","demPer":"46.70%","demEv":"","repVotes":"2,339,603","repPer":"50.50%","repEv":"15"},"North Dakota":{"totalVotes":"344,360","demVotes":"93,758","demPer":"27.20%","demEv":"","repVotes":"216,794","repPer":"63.00%","repEv":"3"},"Ohio":{"totalVotes":"5,496,487","demVotes":"2,394,164","demPer":"43.60%","demEv":"","repVotes":"2,841,005","repPer":"51.70%","repEv":"18"},"Oklahoma":{"totalVotes":"1,452,992","demVotes":"420,375","demPer":"28.90%","demEv":"","repVotes":"949,136","repPer":"65.30%","repEv":"7"},"Oregon":{"totalVotes":"1807796.905","demVotes":"934,631","demPer":"51.70%","demEv":"7","repVotes":"742,506","repPer":"41.10%","repEv":""},"Pennsylvania":{"totalVotes":"5976271.008","demVotes":"2,844,705","demPer":"47.60%","demEv":"","repVotes":"2,912,941","repPer":"48.80%","repEv":"20"},"Rhode Island":{"totalVotes":"464,144","demVotes":"252,525","demPer":"54.40%","demEv":"4","repVotes":"180,543","repPer":"38.90%","repEv":""},"South Carolina":{"totalVotes":"2,103,027","demVotes":"855,373","demPer":"40.70%","demEv":"","repVotes":"1,155,389","repPer":"54.90%","repEv":"9"},"South Dakota":{"totalVotes":"370479.4953","demVotes":"117,442","demPer":"31.70%","demEv":"","repVotes":"227,701","repPer":"61.50%","repEv":"3"},"Tennessee":{"totalVotes":"2484555.874","demVotes":"867,110","demPer":"34.90%","demEv":"","repVotes":"1,517,402","repPer":"61.10%","repEv":"11"},"Texas":{"totalVotes":"8,969,226","demVotes":"3,877,868","demPer":"43.20%","demEv":"","repVotes":"4,685,047","repPer":"52.20%","repEv":"38"},"Utah":{"totalVotes":"986287.7698","demVotes":"274,188","demPer":"27.80%","demEv":"","repVotes":"452,086","repPer":"45.90%","repEv":"6"},"Vermont":{"totalVotes":"320,467","demVotes":"178,573","demPer":"55.70%","demEv":"3","repVotes":"95,369","repPer":"29.80%","repEv":""},"Virginia":{"totalVotes":"3,982,752","demVotes":"1,981,473","demPer":"49.80%","demEv":"13","repVotes":"1,769,443","repPer":"44.40%","repEv":""},"Washington":{"totalVotes":"29824.51852","demVotes":"1,610,524","demPer":"54","demEv":"12","repVotes":"1,129,120","repPer":"38.20%","repEv":""},"West Virginia":{"totalVotes":"707384.9057","demVotes":"187,457","demPer":"26.50%","demEv":"","repVotes":"486,198","repPer":"68.70%","repEv":"5"},"Wisconsin**":{"totalVotes":"2,975,313","demVotes":"1,381,823","demPer":"46.40%","demEv":"","repVotes":"1,404,000","repPer":"47.20%","repEv":"10"},"Wyoming":{"totalVotes":"258,788","demVotes":"55,973","demPer":"21.60%","demEv":"","repVotes":"174,419","repPer":"67.40%","repEv":"3"},"demTotalVotes":"65,408,499","demTotalEv":"232","demTotalPer":"48.20%","repTotalVotes":"62,770,475","repTotalEv":"306","repTotalPer":"46.20%","totalVotes":"128,151,406"}}