[  
   {  
      "x":193,
      "y":172,
      "state_abbr":"Neb.",
      "estimation_2008":-2,
      "state_name":"Nebraska",
      "fips":"",
      "electrol":5,
      "mapy":154,
      "mapx":329,
      "election_1996":-1,
      "estimation_2012":-2,
      "noof_electrols":2,
      "postal":"NE_state",
      "election_2004":-1,
      "election_2008":-1,
      "election_2000":-1
   },
   {  
      "x":700,
      "y":0,
      "state_abbr":"Me.",
      "estimation_2008":2,
      "state_name":"Maine",
      "fips":"",
      "electrol":4,
      "mapy":15,
      "mapx":762,
      "election_1996":1,
      "estimation_2012":2,
      "noof_electrols":2,
      "postal":"ME_state",
      "election_2004":1,
      "election_2008":1,
      "election_2000":1
   },
   {  
      "region":"S",
      "x":381,
      "y":313,
      "state_abbr":"Ala.",
      "estimation_2008":-2,
      "state_name":"Alabama",
      "fips":"01",
      "electrol":9,
      "mapy":294,
      "mapx":494,
      "election_1996":-1,
      "estimation_2012":-2,
      "noof_electrols":9,
      "postal":"AL",
      "election_2004":-1,
      "election_2008":-1,
      "election_2000":-1
   },
   {  
      "region":"W",
      "x":0,
      "y":446,
      "state_abbr":"Alaska",
      "estimation_2008":-2,
      "state_name":"Alaska",
      "fips":"02",
      "electrol":3,
      "mapy":383,
      "mapx":215,
      "election_1996":-1,
      "estimation_2012":-2,
      "noof_electrols":3,
      "postal":"AK",
      "election_2004":-1,
      "election_2008":-1,
      "election_2000":-1
   },
   {  
      "region":"W",
      "x":127,
      "y":214,
      "state_abbr":"Ariz.",
      "estimation_2008":-2,
      "state_name":"Arizona",
      "fips":"04",
      "electrol":11,
      "mapy":208,
      "mapx":271,
      "election_1996":1,
      "estimation_2012":-1,
      "noof_electrols":11,
      "postal":"AZ",
      "election_2004":-1,
      "election_2008":-1,
      "election_2000":-1
   },
   {  
      "region":"S",
      "x":330,
      "y":266,
      "state_abbr":"Ark.",
      "estimation_2008":-2,
      "state_name":"Arkansas",
      "fips":"05",
      "electrol":6,
      "mapy":248,
      "mapx":444,
      "election_1996":1,
      "estimation_2012":-2,
      "noof_electrols":6,
      "postal":"AR",
      "election_2004":-1,
      "election_2008":-1,
      "election_2000":-1
   },
   {  
      "region":"W",
      "x":0,
      "y":214,
      "state_abbr":"Calif.",
      "estimation_2008":2,
      "state_name":"California",
      "fips":"06",
      "electrol":55,
      "mapy":239,
      "mapx":189,
      "election_1996":1,
      "estimation_2012":2,
      "noof_electrols":55,
      "postal":"CA",
      "election_2004":1,
      "election_2008":1,
      "election_2000":1
   },
   {  
      "region":"W",
      "x":186,
      "y":215,
      "state_abbr":"Colo.",
      "estimation_2008":1,
      "state_name":"Colorado",
      "fips":"08",
      "electrol":9,
      "mapy":206,
      "mapx":321,
      "election_1996":-1,
      "estimation_2012":0,
      "noof_electrols":9,
      "postal":"CO",
      "election_2004":-1,
      "election_2008":1,
      "election_2000":-1
   },
   {  
      "region":"NE",
      "x":666,
      "y":134,
      "state_abbr":"Conn.",
      "estimation_2008":2,
      "state_name":"Connecticut",
      "fips":"09",
      "electrol":7,
      "mapy":132,
      "mapx":743,
      "election_1996":1,
      "estimation_2012":2,
      "noof_electrols":7,
      "postal":"CT",
      "election_2004":1,
      "election_2008":1,
      "election_2000":1
   },
   {  
      "region":"NE",
      "x":629,
      "y":202,
      "state_abbr":"Del.",
      "estimation_2008":2,
      "state_name":"Delaware",
      "fips":"10",
      "electrol":3,
      "mapy":186,
      "mapx":703,
      "election_1996":1,
      "estimation_2012":2,
      "noof_electrols":3,
      "postal":"DE",
      "election_2004":1,
      "election_2008":1,
      "election_2000":1
   },
   {  
      "region":"NE",
      "x":629,
      "y":234,
      "state_abbr":"D.C.",
      "estimation_2008":2,
      "state_name":"District of Columbia",
      "fips":"11",
      "electrol":3,
      "mapy":214,
      "mapx":703,
      "election_1996":1,
      "estimation_2012":2,
      "noof_electrols":3,
      "postal":"DC",
      "election_2004":1,
      "election_2008":1,
      "election_2000":1
   },
   {  
      "region":"S",
      "x":434,
      "y":390,
      "state_abbr":"Fla.",
      "estimation_2008":0,
      "state_name":"Florida",
      "fips":"12",
      "electrol":29,
      "mapy":381,
      "mapx":559,
      "election_1996":1,
      "estimation_2012":0,
      "noof_electrols":29,
      "postal":"FL",
      "election_2004":-1,
      "election_2008":1,
      "election_2000":-1
   },
   {  
      "region":"S",
      "x":434,
      "y":320,
      "state_abbr":"Ga.",
      "estimation_2008":-1,
      "state_name":"Georgia",
      "fips":"13",
      "electrol":16,
      "mapy":307,
      "mapx":548,
      "election_1996":-1,
      "estimation_2012":-2,
      "noof_electrols":16,
      "postal":"GA",
      "election_2004":-1,
      "election_2008":-1,
      "election_2000":-1
   },
   {  
      "region":"W",
      "x":42,
      "y":446,
      "state_abbr":"Hawaii",
      "estimation_2008":2,
      "state_name":"Hawaii",
      "fips":"15",
      "electrol":4,
      "mapy":383,
      "mapx":180,
      "election_1996":1,
      "estimation_2012":2,
      "noof_electrols":4,
      "postal":"HI",
      "election_2004":1,
      "election_2008":1,
      "election_2000":1
   },
   {  
      "region":"W",
      "x":137,
      "y":134,
      "state_abbr":"Idaho",
      "estimation_2008":-2,
      "state_name":"Idaho",
      "fips":"16",
      "electrol":4,
      "mapy":126,
      "mapx":272,
      "election_1996":-1,
      "estimation_2012":-2,
      "noof_electrols":4,
      "postal":"ID",
      "election_2004":-1,
      "election_2008":-1,
      "election_2000":-1
   },
   {  
      "region":"MW",
      "x":296,
      "y":188,
      "state_abbr":"Ill.",
      "estimation_2008":2,
      "state_name":"Illinois",
      "fips":"17",
      "electrol":20,
      "mapy":194,
      "mapx":429,
      "election_1996":1,
      "estimation_2012":2,
      "noof_electrols":20,
      "postal":"IL",
      "election_2004":1,
      "election_2008":1,
      "election_2000":1
   },
   {  
      "region":"MW",
      "x":376,
      "y":195,
      "state_abbr":"Ind.",
      "estimation_2008":0,
      "state_name":"Indiana",
      "fips":"18",
      "electrol":11,
      "mapy":191,
      "mapx":490,
      "election_1996":-1,
      "estimation_2012":-2,
      "noof_electrols":11,
      "postal":"IN",
      "election_2004":-1,
      "election_2008":1,
      "election_2000":-1
   },
   {  
      "region":"MW",
      "x":246,
      "y":163,
      "state_abbr":"Iowa",
      "estimation_2008":1,
      "state_name":"Iowa",
      "fips":"19",
      "electrol":6,
      "mapy":160,
      "mapx":376,
      "election_1996":1,
      "estimation_2012":0,
      "noof_electrols":6,
      "postal":"IA",
      "election_2004":-1,
      "election_2008":1,
      "election_2000":1
   },
   {  
      "region":"MW",
      "x":239,
      "y":266,
      "state_abbr":"Kan.",
      "estimation_2008":-2,
      "state_name":"Kansas",
      "fips":"20",
      "electrol":6,
      "mapy":248,
      "mapx":363,
      "election_1996":-1,
      "estimation_2012":-2,
      "noof_electrols":6,
      "postal":"KS",
      "election_2004":-1,
      "election_2008":-1,
      "election_2000":-1
   },
   {  
      "region":"S",
      "x":434,
      "y":269,
      "state_abbr":"Ky.",
      "estimation_2008":-2,
      "state_name":"Kentucky",
      "fips":"21",
      "electrol":8,
      "mapy":253,
      "mapx":539,
      "election_1996":1,
      "estimation_2012":-2,
      "noof_electrols":8,
      "postal":"KY",
      "election_2004":-1,
      "election_2008":-1,
      "election_2000":-1
   },
   {  
      "region":"S",
      "x":284,
      "y":314,
      "state_abbr":"La.",
      "estimation_2008":-2,
      "state_name":"Louisiana",
      "fips":"22",
      "electrol":8,
      "mapy":293,
      "mapx":406,
      "election_1996":1,
      "estimation_2012":-2,
      "noof_electrols":8,
      "postal":"LA",
      "election_2004":-1,
      "election_2008":-1,
      "election_2000":-1
   },
   {  
      "region":"NE",
      "x":573,
      "y":202,
      "state_abbr":"Md.",
      "estimation_2008":2,
      "state_name":"Maryland",
      "fips":"24",
      "electrol":10,
      "mapy":196,
      "mapx":664,
      "election_1996":1,
      "estimation_2012":2,
      "noof_electrols":10,
      "postal":"MD",
      "election_2004":1,
      "election_2008":1,
      "election_2000":1
   },
   {  
      "region":"NE",
      "x":666,
      "y":75,
      "state_abbr":"Mass.",
      "estimation_2008":2,
      "state_name":"Massachusetts",
      "fips":"25",
      "electrol":11,
      "mapy":85,
      "mapx":748,
      "election_1996":1,
      "estimation_2012":2,
      "noof_electrols":11,
      "postal":"MA",
      "election_2004":1,
      "election_2008":1,
      "election_2000":1
   },
   {  
      "region":"MW",
      "x":393,
      "y":125,
      "state_abbr":"Mich.",
      "estimation_2008":2,
      "state_name":"Michigan",
      "fips":"26",
      "electrol":16,
      "mapy":134,
      "mapx":511,
      "election_1996":1,
      "estimation_2012":1,
      "noof_electrols":16,
      "postal":"MI",
      "election_2004":1,
      "election_2008":1,
      "election_2000":1
   },
   {  
      "region":"MW",
      "x":240,
      "y":105,
      "state_abbr":"Minn.",
      "estimation_2008":1,
      "state_name":"Minnesota",
      "fips":"27",
      "electrol":10,
      "mapy":111,
      "mapx":370,
      "election_1996":1,
      "estimation_2012":1,
      "noof_electrols":10,
      "postal":"MN",
      "election_2004":1,
      "election_2008":1,
      "election_2000":1
   },
   {  
      "region":"S",
      "x":335,
      "y":316,
      "state_abbr":"Miss.",
      "estimation_2008":-2,
      "state_name":"Mississippi",
      "fips":"28",
      "electrol":6,
      "mapy":290,
      "mapx":449,
      "election_1996":-1,
      "estimation_2012":-2,
      "noof_electrols":6,
      "postal":"MS",
      "election_2004":-1,
      "election_2008":-1,
      "election_2000":-1
   },
   {  
      "region":"MW",
      "x":240,
      "y":209,
      "state_abbr":"Mo.",
      "estimation_2008":0,
      "state_name":"Missouri",
      "fips":"29",
      "electrol":10,
      "mapy":203,
      "mapx":370,
      "election_1996":1,
      "estimation_2012":-2,
      "noof_electrols":10,
      "postal":"MO",
      "election_2004":-1,
      "election_2008":-1,
      "election_2000":-1
   },
   {  
      "region":"W",
      "x":176,
      "y":105,
      "state_abbr":"Mont.",
      "estimation_2008":-1,
      "state_name":"Montana",
      "fips":"30",
      "electrol":3,
      "mapy":101,
      "mapx":302,
      "election_1996":-1,
      "estimation_2012":-2,
      "noof_electrols":3,
      "postal":"MT",
      "election_2004":-1,
      "election_2008":-1,
      "election_2000":-1
   },
   {  
      "region":"W",
      "x":107,
      "y":170,
      "state_abbr":"Nev.",
      "estimation_2008":1,
      "state_name":"Nevada",
      "fips":"32",
      "electrol":6,
      "mapy":163,
      "mapx":261,
      "election_1996":1,
      "estimation_2012":1,
      "noof_electrols":6,
      "postal":"NV",
      "election_2004":-1,
      "election_2008":1,
      "election_2000":-1
   },
   {  
      "region":"NE",
      "x":699,
      "y":37,
      "state_abbr":"N.H.",
      "estimation_2008":1,
      "state_name":"New Hampshire",
      "fips":"33",
      "electrol":4,
      "mapy":43,
      "mapx":767,
      "election_1996":1,
      "estimation_2012":0,
      "noof_electrols":4,
      "postal":"NH",
      "election_2004":1,
      "election_2008":1,
      "election_2000":-1
   },
   {  
      "region":"NE",
      "x":572,
      "y":137,
      "state_abbr":"N.J.",
      "estimation_2008":2,
      "state_name":"New Jersey",
      "fips":"34",
      "electrol":14,
      "mapy":143,
      "mapx":668,
      "election_1996":1,
      "estimation_2012":2,
      "noof_electrols":14,
      "postal":"NJ",
      "election_2004":1,
      "election_2008":1,
      "election_2000":1
   },
   {  
      "region":"W",
      "x":198,
      "y":269,
      "state_abbr":"N.M.",
      "estimation_2008":1,
      "state_name":"New Mexico",
      "fips":"35",
      "electrol":5,
      "mapy":248,
      "mapx":325,
      "election_1996":1,
      "estimation_2012":1,
      "noof_electrols":5,
      "postal":"NM",
      "election_2004":-1,
      "election_2008":1,
      "election_2000":1
   },
   {  
      "region":"NE",
      "x":572,
      "y":44,
      "state_abbr":"N.Y.",
      "estimation_2008":2,
      "state_name":"New York",
      "fips":"36",
      "electrol":29,
      "mapy":72,
      "mapx":681,
      "election_1996":1,
      "estimation_2012":2,
      "noof_electrols":29,
      "postal":"NY",
      "election_2004":1,
      "election_2008":1,
      "election_2000":1
   },
   {  
      "region":"S",
      "x":525,
      "y":256,
      "state_abbr":"N.C.",
      "estimation_2008":0,
      "state_name":"North Carolina",
      "fips":"37",
      "electrol":15,
      "mapy":252,
      "mapx":627,
      "election_1996":-1,
      "estimation_2012":-1,
      "noof_electrols":15,
      "postal":"NC",
      "election_2004":-1,
      "election_2008":1,
      "election_2000":-1
   },
   {  
      "region":"MW",
      "x":208,
      "y":105,
      "state_abbr":"N.D.",
      "estimation_2008":-1,
      "state_name":"North Dakota",
      "fips":"38",
      "electrol":3,
      "mapy":101,
      "mapx":331,
      "election_1996":-1,
      "estimation_2012":-2,
      "noof_electrols":3,
      "postal":"ND",
      "election_2004":-1,
      "election_2008":-1,
      "election_2000":-1
   },
   {  
      "region":"MW",
      "x":433,
      "y":195,
      "state_abbr":"Ohio",
      "estimation_2008":0,
      "state_name":"Ohio",
      "fips":"39",
      "electrol":18,
      "mapy":198,
      "mapx":549,
      "election_1996":1,
      "estimation_2012":0,
      "noof_electrols":18,
      "postal":"OH",
      "election_2004":-1,
      "election_2008":1,
      "election_2000":-1
   },
   {  
      "region":"S",
      "x":283,
      "y":266,
      "state_abbr":"Okla.",
      "estimation_2008":-2,
      "state_name":"Oklahoma",
      "fips":"40",
      "electrol":7,
      "mapy":249,
      "mapx":403,
      "election_1996":-1,
      "estimation_2012":-2,
      "noof_electrols":7,
      "postal":"OK",
      "election_2004":-1,
      "election_2008":-1,
      "election_2000":-1
   },
   {  
      "region":"W",
      "x":60,
      "y":166,
      "state_abbr":"Ore.",
      "estimation_2008":2,
      "state_name":"Oregon",
      "fips":"41",
      "electrol":7,
      "mapy":161,
      "mapx":221,
      "election_1996":1,
      "estimation_2012":2,
      "noof_electrols":7,
      "postal":"OR",
      "election_2004":1,
      "election_2008":1,
      "election_2000":1
   },
   {  
      "region":"NE",
      "x":494,
      "y":118,
      "state_abbr":"Pa.",
      "estimation_2008":1,
      "state_name":"Pennsylvania",
      "fips":"42",
      "electrol":20,
      "mapy":131,
      "mapx":604,
      "election_1996":1,
      "estimation_2012":1,
      "noof_electrols":20,
      "postal":"PA",
      "election_2004":1,
      "election_2008":1,
      "election_2000":1
   },
   {  
      "region":"NE",
      "x":713,
      "y":134,
      "state_abbr":"R.I.",
      "estimation_2008":2,
      "state_name":"Rhode Island",
      "fips":"44",
      "electrol":4,
      "mapy":127,
      "mapx":780,
      "election_1996":1,
      "estimation_2012":2,
      "noof_electrols":4,
      "postal":"RI",
      "election_2004":1,
      "election_2008":1,
      "election_2000":1
   },
   {  
      "region":"S",
      "x":504,
      "y":328,
      "state_abbr":"S.C.",
      "estimation_2008":-2,
      "state_name":"South Carolina",
      "fips":"45",
      "electrol":9,
      "mapy":306,
      "mapx":603,
      "election_1996":-1,
      "estimation_2012":-2,
      "noof_electrols":9,
      "postal":"SC",
      "election_2004":-1,
      "election_2008":-1,
      "election_2000":-1
   },
   {  
      "region":"MW",
      "x":208,
      "y":139,
      "state_abbr":"S.D.",
      "estimation_2008":-2,
      "state_name":"South Dakota",
      "fips":"46",
      "electrol":3,
      "mapy":129,
      "mapx":331,
      "election_1996":-1,
      "estimation_2012":-2,
      "noof_electrols":3,
      "postal":"SD",
      "election_2004":-1,
      "election_2008":-1,
      "election_2000":-1
   },
   {  
      "region":"S",
      "x":375,
      "y":255,
      "state_abbr":"Tenn.",
      "estimation_2008":-2,
      "state_name":"Tennessee",
      "fips":"47",
      "electrol":11,
      "mapy":243,
      "mapx":490,
      "election_1996":1,
      "estimation_2012":-2,
      "noof_electrols":11,
      "postal":"TN",
      "election_2004":-1,
      "election_2008":-1,
      "election_2000":-1
   },
   {  
      "region":"S",
      "x":176,
      "y":310,
      "state_abbr":"Tex.",
      "estimation_2008":-2,
      "state_name":"Texas",
      "fips":"48",
      "electrol":38,
      "mapy":314,
      "mapx":335,
      "election_1996":-1,
      "estimation_2012":-2,
      "noof_electrols":38,
      "postal":"TX",
      "election_2004":-1,
      "election_2008":-1,
      "election_2000":-1
   },
   {  
      "region":"W",
      "x":152,
      "y":170,
      "state_abbr":"Utah",
      "estimation_2008":-2,
      "state_name":"Utah",
      "fips":"49",
      "electrol":6,
      "mapy":163,
      "mapx":299,
      "election_1996":-1,
      "estimation_2012":-2,
      "noof_electrols":6,
      "postal":"UT",
      "election_2004":-1,
      "election_2008":-1,
      "election_2000":-1
   },
   {  
      "region":"NE",
      "x":666,
      "y":43,
      "state_abbr":"Vt.",
      "estimation_2008":2,
      "state_name":"Vermont",
      "fips":"50",
      "electrol":3,
      "mapy":45,
      "mapx":737,
      "election_1996":1,
      "estimation_2012":2,
      "noof_electrols":3,
      "postal":"VT",
      "election_2004":1,
      "election_2008":1,
      "election_2000":1
   },
   {  
      "region":"S",
      "x":508,
      "y":196,
      "state_abbr":"Va.",
      "estimation_2008":1,
      "state_name":"Virginia",
      "fips":"51",
      "electrol":13,
      "mapy":194,
      "mapx":611,
      "election_1996":-1,
      "estimation_2012":0,
      "noof_electrols":13,
      "postal":"VA",
      "election_2004":-1,
      "election_2008":1,
      "election_2000":-1
   },
   {  
      "region":"W",
      "x":75,
      "y":105,
      "state_abbr":"Wash.",
      "estimation_2008":1,
      "state_name":"Washington",
      "fips":"53",
      "electrol":12,
      "mapy":113,
      "mapx":227,
      "election_1996":1,
      "estimation_2012":2,
      "noof_electrols":12,
      "postal":"WA",
      "election_2004":1,
      "election_2008":1,
      "election_2000":1
   },
   {  
      "region":"NE",
      "x":484,
      "y":269,
      "state_abbr":"W.Va.",
      "estimation_2008":-1,
      "state_name":"West Virginia",
      "fips":"54",
      "electrol":5,
      "mapy":249,
      "mapx":579,
      "election_1996":1,
      "estimation_2012":-2,
      "noof_electrols":5,
      "postal":"WV",
      "election_2004":-1,
      "election_2008":-1,
      "election_2000":-1
   },
   {  
      "region":"MW",
      "x":296,
      "y":132,
      "state_abbr":"Wis.",
      "estimation_2008":1,
      "state_name":"Wisconsin",
      "fips":"55",
      "electrol":10,
      "mapy":134,
      "mapx":419,
      "election_1996":1,
      "estimation_2012":0,
      "noof_electrols":10,
      "postal":"WI",
      "election_2004":1,
      "election_2008":1,
      "election_2000":1
   },
   {  
      "region":"W",
      "x":175,
      "y":137,
      "state_abbr":"Wyo.",
      "estimation_2008":-2,
      "state_name":"Wyoming",
      "fips":"56",
      "electrol":3,
      "mapy":129,
      "mapx":302,
      "election_1996":-1,
      "estimation_2012":-2,
      "noof_electrols":3,
      "postal":"WY",
      "election_2004":-1,
      "election_2008":-1,
      "election_2000":-1
   }
]